,Kingdom,Phylum,Class,Order,Family,Genus,Group
OTU1012,Fungi,Basidiomycota,Agaricomycetes,Cantharellales,Ceratobasidiaceae,Ceratobasidium,Fungi
OTU1034,Fungi,Ascomycota,Sordariomycetes,Sordariales,Lasiosphaeriaceae,Echria,Fungi
OTU1050,Fungi,Ascomycota,Sordariomycetes,Sordariales,Chaetomiaceae,Chaetomium,Fungi
OTU1058,Rhizaria,Cercozoa,NA,NA,NA,Phaeoacremonium,Protist
OTU1065,Fungi,Ascomycota,Leotiomycetes,Helotiales,Mollisiaceae,NA,Fungi
OTU1071,Fungi,Ascomycota,Sordariomycetes,Chaetosphaeriales,Chaetosphaeriaceae,Chloridium,Fungi
OTU1079,Alveolata,Ciliophora,Oligohymenophorea,NA,NA,NA,Protist
OTU1087,Fungi,Ascomycota,Dothideomycetes,Pleosporales,Lentitheciaceae,Poaceascoma,Fungi
OTU117,Rhizaria,Cercozoa,NA,Cercomonadida,Cercomonadidae,NA,Protist
OTU1197,Fungi,Ascomycota,Dothideomycetes,Pleosporales,Phaeosphaeriaceae,Phaeosphaeria,Fungi
OTU1200,Fungi,Ascomycota,Pezizomycetes,Pezizales,Pyronemataceae,Scutellinia,Fungi
OTU1205,Fungi,Ascomycota,Sordariomycetes,Hypocreales,NA,Sarocladium,Fungi
OTU1225,Alveolata,Ciliophora,Spirotrichea,Sporadotrichida,Oxytrichidae,NA,Protist
OTU1262,Fungi,Ascomycota,Dothideomycetes,Pleosporales,Phaeosphaeriaceae,Ophiosphaerella,Fungi
OTU1266,Fungi,Ascomycota,Sordariomycetes,Xylariales,Amphisphaeriaceae,Microdochium,Fungi
OTU1271,Fungi,Ascomycota,Dothideomycetes,Pleosporales,Phaeosphaeriaceae,Phaeosphaeria,Fungi
OTU1350,Stramenopila,Oomycota,Oomycetes,Pythiales,Pythiaceae,Chaetomium,Protist
OTU142,Fungi,Ascomycota,Sordariomycetes,Boliniales,Junewangiaceae,Flammispora,Fungi
OTU1430,Heterolobosa,Lobosa,Heterolobosea,Schizopyrenida,Vahlkampfiidae,Sampaiozyma,Protist
OTU1446,Alveolata,Ciliophora,Oligohymenophorea,Philasterida,NA,Cephaliophora,Protist
OTU1476,Heterolobosa,Lobosa,Heterolobosea,Schizopyrenida,Vahlkampfiidae,Iodophanus,Protist
OTU1538,Stramenopila,Bacillariophyta,Bacillariophyceae,Bacillariales,NA,Parasola,Protist
OTU1551,Stramenopila,Ochrophyta,Chrysophyceae,Chromulinales,Chromulinaceae,NA,Protist
OTU1553,Viridiplantae,Bryophyta,Bryopsida,Bryales,Bryaceae,NA,Viridiplantae
OTU1580,Fungi,Ascomycota,Sordariomycetes,Hypocreales,Stachybotryaceae,Albifimbria,Fungi
OTU1589,Fungi,Basidiomycota,Cystobasidiomycetes,Cystobasidiales,Cystobasidiaceae,Cystobasidium,Fungi
OTU1600,Fungi,Ascomycota,Dothideomycetes,Pleosporales,Phaeosphaeriaceae,Phaeosphaeriopsis,Fungi
OTU1601,Fungi,Ascomycota,Laboulbeniomycetes,NA,NA,NA,Fungi
OTU1602,Rhodoplantae,NA,NA,NA,NA,NA,Others
OTU1605,Fungi,Ascomycota,Dothideomycetes,Pleosporales,Lentitheciaceae,Poaceascoma,Fungi
OTU1606,Alveolata,Ciliophora,Oligohymenophorea,Astomatida,NA,Poaceascoma,Protist
OTU161,Rhizaria,Cercozoa,Hyphochytriomycetes,Hyphochytriales,Hyphochytriaceae,Poaceascoma,Protist
OTU1613,Fungi,Ascomycota,Sordariomycetes,Hypocreales,Bionectriaceae,Caespitomonium,Fungi
OTU1615,Fungi,Ascomycota,Sordariomycetes,Hypocreales,Bionectriaceae,Caespitomonium,Fungi
OTU1616,Fungi,Chytridiomycota,NA,NA,NA,NA,Fungi
OTU1619,Alveolata,Ciliophora,Oligohymenophorea,NA,NA,NA,Protist
OTU1624,Fungi,Ascomycota,Sordariomycetes,Microascales,Microascaceae,Cephalotrichum,Fungi
OTU1625,Fungi,Basidiomycota,Microbotryomycetes,NA,NA,NA,Fungi
OTU1631,Rhizaria,Cercozoa,NA,Cercomonadida,Cercomonadidae,Sakaguchia,Protist
OTU1633,Fungi,Ascomycota,Laboulbeniomycetes,NA,NA,NA,Fungi
OTU1636,Rhizaria,Cercozoa,NA,NA,NA,NA,Protist
OTU1645,Viridiplantae,Chlorophyta,Chlorophyceae,Volvocales,Chlamydomonadaceae,Rasamsonia,Viridiplantae
OTU1647,Metazoa,Nematoda,Chromadorea,Rhabditida,Aphelenchoididae,Entoloma,Metazoa
OTU1649,Fungi,Ascomycota,Sordariomycetes,Hypocreales,Nectriaceae,Thyronectria,Fungi
OTU1650,Alveolata,Ciliophora,NA,NA,NA,Thyronectria,Protist
OTU1655,Fungi,Basidiomycota,Geminibasidiomycetes,Geminibasidiales,Geminibasidiaceae,Geminibasidium,Fungi
OTU1660,Fungi,Ascomycota,Sordariomycetes,Hypocreales,Nectriaceae,Nectria,Fungi
OTU1661,Rhodoplantae,NA,NA,NA,NA,Nectria,Others
OTU167,Fungi,Ascomycota,Eurotiomycetes,Chaetothyriales,Trichomeriaceae,NA,Fungi
OTU168,Fungi,Chytridiomycota,Rhizophydiomycetes,Rhizophydiales,NA,NA,Fungi
OTU173,Fungi,Ascomycota,Dothideomycetes,Tubeufiales,Tubeufiaceae,Neohelicomyces,Fungi
OTU1734,Alveolata,Ciliophora,NA,NA,NA,NA,Protist
OTU1746,Alveolata,Ciliophora,Litostomatea,Haptorida,Spathidiidae,NA,Protist
OTU1760,Alveolata,Ciliophora,Spirotrichea,Urostylida,Holostichidae,Cryptococcus,Protist
OTU1761,Stramenopila,Ochrophyta,Chrysophyceae,Chromulinales,Dinobryaceae,Cryptococcus,Protist
OTU1765,Viridiplantae,Chlorophyta,Chlorophyceae,Chlamydomonadales,Chlorococcaceae,NA,Viridiplantae
OTU1784,Fungi,Glomeromycota,Glomeromycetes,Glomerales,Claroideoglomeraceae,Claroideoglomus,Fungi
OTU1789,Fungi,Mortierellomycota,Mortierellomycetes,Mortierellales,Mortierellaceae,Mortierella,Fungi
OTU1808,Fungi,Basidiomycota,Tremellomycetes,Cystofilobasidiales,Mrakiaceae,Tausonia,Fungi
OTU1819,Fungi,Ascomycota,Dothideomycetes,Pleosporales,Didymellaceae,NA,Fungi
OTU184,Fungi,Ascomycota,Sordariomycetes,Hypocreales,Bionectriaceae,Acremonium,Fungi
OTU185,Fungi,Ascomycota,Sordariomycetes,Hypocreales,Bionectriaceae,Acremonium,Fungi
OTU1854,Fungi,Chytridiomycota,Rhizophydiomycetes,Rhizophydiales,NA,NA,Fungi
OTU1865,Stramenopila,Ochrophyta,Chrysophyceae,Chromulinales,Chromulinaceae,Olpidium,Protist
OTU1874,Rhodoplantae,NA,NA,NA,NA,Irineochytrium,Others
OTU188,Alveolata,Ciliophora,Spirotrichea,Stichotrichida,NA,NA,Protist
OTU1886,Fungi,Chytridiomycota,Spizellomycetes,Spizellomycetales,NA,NA,Fungi
OTU1966,Viridiplantae,Chlorophyta,Chlorophyceae,Sphaeropleales,Bracteacoccaceae,NA,Viridiplantae
OTU1983,Fungi,Ascomycota,Sordariomycetes,Hypocreales,Hypocreaceae,Trichoderma,Fungi
OTU2006,Rhizaria,Cercozoa,NA,Cercomonadida,Cercomonadidae,NA,Protist
OTU2007,Fungi,Ascomycota,Sordariomycetes,Hypocreales,NA,Emericellopsis,Fungi
OTU2014,Alveolata,Ciliophora,Litostomatea,Haptorida,Spathidiidae,NA,Protist
OTU2102,Viridiplantae,Chlorophyta,Chlorophyceae,Chlamydomonadales,Chlamydomonadaceae,Talaromyces,Viridiplantae
OTU2175,Viridiplantae,Chlorophyta,Chlorophyceae,Volvocales,Chlamydomonadaceae,Articulospora,Viridiplantae
OTU2180,Fungi,Chytridiomycota,Rhizophydiomycetes,Rhizophydiales,Alphamycetaceae,Betamyces,Fungi
OTU2192,Amoebozoa,Tubulinea,Tubulinea,Echinamoebida,Hartmannellidae,NA,Protist
OTU2199,Fungi,Chytridiomycota,Rhizophydiomycetes,Rhizophydiales,Alphamycetaceae,Betamyces,Fungi
OTU2231,Amoebozoa,Conosa,Variosea,NA,NA,NA,Protist
OTU2263,Cryptista,Katablepharidophyta,NA,NA,NA,NA,Protist
OTU2279,Fungi,Ascomycota,Sordariomycetes,Glomerellales,Plectosphaerellaceae,Lectera,Fungi
OTU2287,Fungi,Basidiomycota,Ustilaginomycetes,Ustilaginales,Ustilaginaceae,Ustilago,Fungi
OTU2289,Fungi,Ascomycota,Leotiomycetes,Helotiales,Gelatinodiscaceae,Neobulgaria,Fungi
OTU2291,Alveolata,Ciliophora,Spirotrichea,Sporadotrichida,Oxytrichidae,Neobulgaria,Protist
OTU2292,Fungi,Chytridiomycota,Rhizophlyctidomycetes,Rhizophlyctidales,Rhizophlyctidaceae,Rhizophlyctis,Fungi
OTU2296,Fungi,Ascomycota,Sordariomycetes,Hypocreales,Clavicipitaceae,Metarhizium,Fungi
OTU2301,Fungi,Ascomycota,Sordariomycetes,Sordariales,Lasiosphaeriaceae,Schizothecium,Fungi
OTU2325,Fungi,Ascomycota,Leotiomycetes,Helotiales,Gelatinodiscaceae,Neobulgaria,Fungi
OTU2337,Viridiplantae,Chlorophyta,Chlorophyceae,Chlamydomonadales,Chlorosarcinaceae,NA,Viridiplantae
OTU234,Fungi,Chytridiomycota,Spizellomycetes,Spizellomycetales,NA,NA,Fungi
OTU2341,Fungi,Ascomycota,Sordariomycetes,Sordariales,Neoschizotheciaceae,Neoschizothecium,Fungi
OTU2342,Viridiplantae,Chlorophyta,Chlorophyceae,Volvocales,Chlamydomonadaceae,Neoschizothecium,Viridiplantae
OTU2352,Fungi,Ascomycota,Sordariomycetes,Hypocreales,Stachybotryaceae,Xepicula,Fungi
OTU2365,Fungi,Ascomycota,Sordariomycetes,Xylariales,Amphisphaeriaceae,Microdochium,Fungi
OTU2366,Alveolata,Ciliophora,Spirotrichea,Stichotrichida,NA,Microdochium,Protist
OTU2377,Fungi,Ascomycota,Sordariomycetes,Sordariales,Lasiosphaeriaceae,Cercophora,Fungi
OTU2397,Fungi,Chytridiomycota,Chytridiomycetes,Chytridiales,NA,NA,Fungi
OTU2402,Viridiplantae,Chlorophyta,Chlorophyceae,Chlamydomonadales,Chlorococcaceae,NA,Viridiplantae
OTU2420,Fungi,Ascomycota,Sordariomycetes,Hypocreales,NA,NA,Fungi
OTU2426,Fungi,Ascomycota,Sordariomycetes,Sordariales,Chaetomiaceae,Trichocladium,Fungi
OTU2434,Fungi,Ascomycota,Leotiomycetes,Thelebolales,Thelebolaceae,Pseudeurotium,Fungi
OTU2435,Viridiplantae,Chlorophyta,Chlorophyceae,Volvocales,Chlamydomonadaceae,Pseudeurotium,Viridiplantae
OTU2442,Fungi,Basidiomycota,Geminibasidiomycetes,Geminibasidiales,Geminibasidiaceae,Geminibasidium,Fungi
OTU2457,Fungi,Basidiomycota,Agaricomycetes,Agaricales,Crepidotaceae,Crepidotus,Fungi
OTU2460,Fungi,Basidiomycota,Agaricomycetes,Agaricales,Crepidotaceae,Crepidotus,Fungi
OTU2464,Fungi,Ascomycota,Sordariomycetes,Sordariales,Chaetomiaceae,Trichocladium,Fungi
OTU2485,Viridiplantae,Chlorophyta,Chlorophyceae,Volvocales,Chlamydomonadaceae,Coniochaeta,Viridiplantae
OTU2493,Fungi,Ascomycota,Dothideomycetes,Pleosporales,Phaeosphaeriaceae,Ophiosphaerella,Fungi
OTU2497,Fungi,Ascomycota,Leotiomycetes,Helotiales,Hyaloscyphaceae,Hyaloscypha,Fungi
OTU2500,Fungi,Mortierellomycota,Mortierellomycetes,Mortierellales,Mortierellaceae,NA,Fungi
OTU2508,Fungi,Mortierellomycota,Mortierellomycetes,Mortierellales,Mortierellaceae,NA,Fungi
OTU2515,Amoebozoa,NA,NA,NA,NA,NA,Protist
OTU2517,Fungi,Ascomycota,Dothideomycetes,Pleosporales,Melanommataceae,Sporidesmiella,Fungi
OTU2543,Fungi,Ascomycota,Sordariomycetes,Hypocreales,Hypocreaceae,Trichoderma,Fungi
OTU2549,Rhizaria,Cercozoa,Bacillariophyceae,NA,NA,NA,Protist
OTU2550,Fungi,Ascomycota,Leotiomycetes,Thelebolales,Pseudeurotiaceae,Pseudogymnoascus,Fungi
OTU258,Fungi,Ascomycota,Sordariomycetes,Xylariales,Amphisphaeriaceae,Microdochium,Fungi
OTU2630,Heterolobosa,Lobosa,Heterolobosea,Schizopyrenida,Vahlkampfiidae,Stellatospora,Protist
OTU2743,Fungi,Basidiomycota,Agaricomycetes,Cantharellales,Hydnaceae,Minimedusa,Fungi
OTU2745,Fungi,Basidiomycota,Agaricomycetes,Cantharellales,Hydnaceae,Minimedusa,Fungi
OTU2747,Fungi,Ascomycota,Dothideomycetes,Pleosporales,Torulaceae,Dendryphion,Fungi
OTU2750,Fungi,Ascomycota,Eurotiomycetes,Eurotiales,Aspergillaceae,Aspergillus,Fungi
OTU2754,Rhizaria,Cercozoa,NA,NA,NA,NA,Protist
OTU2756,Alveolata,Ciliophora,Colpodea,Colpodida,Colpodidae,NA,Protist
OTU2758,Fungi,Ascomycota,Sordariomycetes,Glomerellales,Plectosphaerellaceae,Lectera,Fungi
OTU2760,Metazoa,Nematoda,Chromadorea,Rhabditida,Aphelenchoididae,Myrmecridium,Metazoa
OTU2761,Fungi,Ascomycota,Sordariomycetes,Sordariales,Chaetomiaceae,Chaetomium,Fungi
OTU2762,Fungi,Ascomycota,Dothideomycetes,Pleosporales,Dictyosporiaceae,Pseudocoleophoma,Fungi
OTU2768,Fungi,Ascomycota,Dothideomycetes,Pleosporales,Phaeosphaeriaceae,Paraphoma,Fungi
OTU2772,Fungi,Ascomycota,Sordariomycetes,Hypocreales,Nectriaceae,Fusarium,Fungi
OTU2776,Fungi,Ascomycota,Sordariomycetes,Xylariales,Amphisphaeriaceae,Microdochium,Fungi
OTU2782,Viridiplantae,Chlorophyta,Chlorophyceae,Chlamydomonadales,Chlorococcaceae,NA,Viridiplantae
OTU2783,Fungi,Ascomycota,Dothideomycetes,Pleosporales,Didymellaceae,NA,Fungi
OTU2784,Fungi,Ascomycota,Dothideomycetes,Pleosporales,Melanommataceae,Alpinaria,Fungi
OTU2785,Fungi,Ascomycota,Sordariomycetes,Hypocreales,Nectriaceae,Acremonium,Fungi
OTU2790,Fungi,Mortierellomycota,Mortierellomycetes,Mortierellales,Mortierellaceae,Mortierella,Fungi
OTU2791,Fungi,Chytridiomycota,Rhizophlyctidomycetes,Rhizophlyctidales,NA,NA,Fungi
OTU2793,Fungi,Ascomycota,Eurotiomycetes,Eurotiales,Aspergillaceae,Aspergillus,Fungi
OTU2796,Fungi,Chytridiomycota,NA,NA,NA,NA,Fungi
OTU2798,Fungi,Chytridiomycota,Rhizophydiomycetes,Rhizophydiales,NA,NA,Fungi
OTU2800,Fungi,Ascomycota,Dothideomycetes,Venturiales,Sympoventuriaceae,Ochroconis,Fungi
OTU2801,Fungi,Ascomycota,Leotiomycetes,Helotiales,Calloriaceae,Tetracladium,Fungi
OTU2802,Fungi,Ascomycota,Eurotiomycetes,Chaetothyriales,Herpotrichiellaceae,Cladophialophora,Fungi
OTU2804,Fungi,Chytridiomycota,NA,NA,NA,NA,Fungi
OTU2805,Fungi,Ascomycota,Dothideomycetes,Pleosporales,Didymellaceae,Epicoccum,Fungi
OTU2807,Cryptista,Cryptophyta,NA,NA,NA,Epicoccum,Protist
OTU2814,Fungi,Ascomycota,Eurotiomycetes,Eurotiales,Aspergillaceae,Penicillium,Fungi
OTU2819,Fungi,Ascomycota,Dothideomycetes,Pleosporales,Didymellaceae,Epicoccum,Fungi
OTU2822,Fungi,Ascomycota,Sordariomycetes,Hypocreales,Clavicipitaceae,Marquandomyces,Fungi
OTU2828,Fungi,Ascomycota,Dothideomycetes,Pleosporales,Dictyosporiaceae,Pleiochaeta,Fungi
OTU2832,Fungi,Ascomycota,Eurotiomycetes,Eurotiales,Aspergillaceae,Talaromyces,Fungi
OTU2833,Fungi,Ascomycota,Dothideomycetes,Pleosporales,Periconiaceae,Periconia,Fungi
OTU2834,Fungi,Ascomycota,Leotiomycetes,Thelebolales,Pseudeurotiaceae,Pseudogymnoascus,Fungi
OTU2839,Fungi,Ascomycota,Leotiomycetes,Thelebolales,Pseudeurotiaceae,Pseudogymnoascus,Fungi
OTU2842,Fungi,Ascomycota,Sordariomycetes,Hypocreales,Clavicipitaceae,Metacordyceps,Fungi
OTU2849,Alveolata,Ciliophora,Spirotrichea,Stichotrichida,Halteriidae,NA,Protist
OTU2858,Fungi,Ascomycota,Dothideomycetes,Pleosporales,NA,NA,Fungi
OTU2859,Fungi,Ascomycota,Sordariomycetes,Conioscyphales,Conioscyphaceae,Conioscypha,Fungi
OTU2862,Fungi,Ascomycota,Sordariomycetes,Conioscyphales,Conioscyphaceae,Conioscypha,Fungi
OTU2867,Fungi,Ascomycota,Dothideomycetes,Pleosporales,Phaeosphaeriaceae,Phaeosphaeriopsis,Fungi
OTU2876,Fungi,Basidiomycota,Agaricomycetes,Agaricales,Entolomataceae,Entoloma,Fungi
OTU2903,Fungi,Chytridiomycota,Spizellomycetes,Spizellomycetales,NA,NA,Fungi
OTU2915,Fungi,Ascomycota,Sordariomycetes,Coniochaetales,Coniochaetaceae,Coniochaeta,Fungi
OTU2917,Fungi,Ascomycota,Sordariomycetes,Sordariales,Chaetomiaceae,Chaetomidium,Fungi
OTU2918,Fungi,Ascomycota,Dothideomycetes,Pleosporales,Phaeosphaeriaceae,Leptospora,Fungi
OTU2922,Fungi,Ascomycota,Dothideomycetes,Pleosporales,Sporormiaceae,Preussia,Fungi
OTU2931,Fungi,Ascomycota,Sordariomycetes,Atractosporales,Conlariaceae,Conlarium,Fungi
OTU2939,Fungi,Chytridiomycota,Spizellomycetes,Spizellomycetales,Powellomycetaceae,Geranomyces,Fungi
OTU2959,Alveolata,Ciliophora,Spirotrichea,Sporadotrichida,NA,Phaeoacremonium,Protist
OTU2967,Fungi,Ascomycota,Dothideomycetes,Pleosporales,Pleosporaceae,Exserohilum,Fungi
OTU2974,Fungi,Ascomycota,Leotiomycetes,Helotiales,Hyaloscyphaceae,Cistella,Fungi
OTU2976,Fungi,Ascomycota,Sordariomycetes,Sordariales,Lasiosphaeriaceae,Schizothecium,Fungi
OTU2998,Alveolata,Ciliophora,Spirotrichea,Sporadotrichida,Halteriidae,Shiraia,Protist
OTU3000,Fungi,Basidiomycota,Tremellomycetes,Cystofilobasidiales,Mrakiaceae,Mrakia,Fungi
OTU3001,Fungi,Ascomycota,Eurotiomycetes,Chaetothyriales,NA,NA,Fungi
OTU3002,Fungi,Ascomycota,Sordariomycetes,Chaetosphaeriales,Chaetosphaeriaceae,Chaetosphaeria,Fungi
OTU3004,Viridiplantae,Anthophyta,Variosea,NA,NA,NA,Viridiplantae
OTU3005,Alveolata,Ciliophora,Spirotrichea,Stichotrichida,NA,NA,Protist
OTU3006,Fungi,Ascomycota,Leotiomycetes,Helotiales,Dermateaceae,Trichosporiella,Fungi
OTU3007,Fungi,Ascomycota,Sordariomycetes,Sordariales,NA,NA,Fungi
OTU3008,Fungi,Basidiomycota,Tremellomycetes,Tremellales,Cryptococcaceae,Cryptococcus,Fungi
OTU3009,Alveolata,Ciliophora,Spirotrichea,Sporadotrichida,Oxytrichidae,Cryptococcus,Protist
OTU3010,Fungi,Ascomycota,Sordariomycetes,Chaetosphaeriales,Chaetosphaeriaceae,Chloridium,Fungi
OTU3011,Alveolata,Ciliophora,Spirotrichea,Sporadotrichida,Halteriidae,Chloridium,Protist
OTU3012,Fungi,Ascomycota,Dothideomycetes,Mycosphaerellales,Mycosphaerellaceae,Ramularia,Fungi
OTU3013,Alveolata,Ciliophora,Spirotrichea,Urostylida,Urostylidae,Ramularia,Protist
OTU3016,Fungi,Ascomycota,Sordariomycetes,Sordariales,Lasiosphaeriaceae,Apodus,Fungi
OTU3017,Fungi,Ascomycota,Dothideomycetes,Mycosphaerellales,Mycosphaerellaceae,Ramularia,Fungi
OTU3018,Rhizaria,Cercozoa,NA,NA,NA,Ramularia,Protist
OTU3019,Fungi,Ascomycota,Orbiliomycetes,Orbiliales,Orbiliaceae,Hyalorbilia,Fungi
OTU3020,Fungi,Ascomycota,Sordariomycetes,Hypocreales,Hypocreaceae,Trichoderma,Fungi
OTU3021,Fungi,Ascomycota,Dothideomycetes,Pleosporales,Corynesporascaceae,Corynespora,Fungi
OTU3022,Fungi,Ascomycota,Sordariomycetes,Glomerellales,Plectosphaerellaceae,Gibellulopsis,Fungi
OTU3023,Fungi,Ascomycota,Leotiomycetes,Helotiales,NA,NA,Fungi
OTU3024,Alveolata,Ciliophora,Spirotrichea,Sporadotrichida,Halteriidae,NA,Protist
OTU3025,Fungi,Ascomycota,Sordariomycetes,Hypocreales,Nectriaceae,Fusarium,Fungi
OTU3027,Fungi,Ascomycota,Sordariomycetes,Hypocreales,Nectriaceae,Thelonectria,Fungi
OTU3028,Fungi,Ascomycota,Sordariomycetes,Hypocreales,Nectriaceae,Acremonium,Fungi
OTU3029,Fungi,Ascomycota,Dothideomycetes,Pleosporales,Corynesporascaceae,Corynespora,Fungi
OTU3030,Fungi,Ascomycota,Dothideomycetes,Pleosporales,Phaeosphaeriaceae,Paraphoma,Fungi
OTU3031,Alveolata,Ciliophora,Spirotrichea,Sporadotrichida,Oxytrichidae,Paraphoma,Protist
OTU3034,Alveolata,Ciliophora,Spirotrichea,Stichotrichida,Halteriidae,Boothiomyces,Protist
OTU3035,Fungi,Ascomycota,Leotiomycetes,Helotiales,Helotiaceae,Tetracladium,Fungi
OTU3037,Fungi,Ascomycota,Sordariomycetes,Coniochaetales,Coniochaetaceae,Coniochaeta,Fungi
OTU3039,Fungi,Ascomycota,Sordariomycetes,Chaetosphaeriales,Chaetosphaeriaceae,Chloridium,Fungi
OTU3042,Fungi,Ascomycota,Dothideomycetes,Venturiales,Venturiaceae,Venturia,Fungi
OTU3044,Fungi,Ascomycota,Leotiomycetes,Helotiales,Dermateaceae,Trichosporiella,Fungi
OTU3047,Fungi,Ascomycota,Eurotiomycetes,Chaetothyriales,Herpotrichiellaceae,Exophiala,Fungi
OTU3049,Fungi,Ascomycota,Dothideomycetes,Pleosporales,Didymellaceae,Epicoccum,Fungi
OTU3050,Fungi,Mortierellomycota,Mortierellomycetes,Mortierellales,Mortierellaceae,Mortierella,Fungi
OTU3052,Fungi,Ascomycota,Leotiomycetes,Helotiales,Dermateaceae,Trichosporiella,Fungi
OTU3057,Fungi,Ascomycota,NA,NA,NA,NA,Fungi
OTU3059,Fungi,Basidiomycota,Tremellomycetes,Filobasidiales,Filobasidiaceae,Naganishia,Fungi
OTU3060,Fungi,Ascomycota,Eurotiomycetes,Chaetothyriales,Herpotrichiellaceae,Exophiala,Fungi
OTU3063,Alveolata,Ciliophora,Spirotrichea,Sporadotrichida,Oxytrichidae,Exophiala,Protist
OTU3064,Fungi,Glomeromycota,Archaeosporomycetes,Archaeosporales,Ambisporaceae,Ambispora,Fungi
OTU3066,Fungi,Ascomycota,Dothideomycetes,Pleosporales,Periconiaceae,Periconia,Fungi
OTU3067,Fungi,Ascomycota,NA,NA,NA,NA,Fungi
OTU3069,Fungi,Ascomycota,Sordariomycetes,Hypocreales,Nectriaceae,Neonectria,Fungi
OTU3070,Fungi,Ascomycota,Sordariomycetes,Sordariales,Neoschizotheciaceae,Neoschizothecium,Fungi
OTU3071,Fungi,Ascomycota,Dothideomycetes,Pleosporales,Melanommataceae,Pleotrichocladium,Fungi
OTU3073,Fungi,Mortierellomycota,Mortierellomycetes,Mortierellales,Mortierellaceae,Mortierella,Fungi
OTU3074,Fungi,Ascomycota,Leotiomycetes,Helotiales,Ploettnerulaceae,Cadophora,Fungi
OTU3077,Fungi,Ascomycota,Sordariomycetes,Atractosporales,Conlariaceae,Conlarium,Fungi
OTU3081,Fungi,Ascomycota,Dothideomycetes,Venturiales,Venturiaceae,Venturia,Fungi
OTU3082,Fungi,Ascomycota,Dothideomycetes,Pleosporales,Phaeosphaeriaceae,Leptospora,Fungi
OTU3083,Fungi,Ascomycota,Sordariomycetes,Atractosporales,Conlariaceae,Conlarium,Fungi
OTU3084,Viridiplantae,Chlorophyta,Chlorophyceae,Sphaeropleales,Scenedesmaceae,Conlarium,Viridiplantae
OTU3086,Amoebozoa,NA,NA,NA,NA,Conlarium,Protist
OTU3087,Alveolata,Ciliophora,Spirotrichea,Stichotrichida,NA,Conlarium,Protist
OTU3088,Fungi,Ascomycota,Leotiomycetes,Helotiales,Dermateaceae,Trichosporiella,Fungi
OTU3091,Alveolata,Ciliophora,Spirotrichea,Sporadotrichida,Oxytrichidae,Trichosporiella,Protist
OTU3092,Fungi,Basidiomycota,Agaricomycetes,Cantharellales,Hydnaceae,Sistotrema,Fungi
OTU3093,Fungi,Basidiomycota,Tremellomycetes,Cystofilobasidiales,Mrakiaceae,Mrakia,Fungi
OTU3094,Fungi,Ascomycota,Leotiomycetes,Helotiales,Dermateaceae,Trichosporiella,Fungi
OTU3095,Alveolata,Ciliophora,Spirotrichea,Sporadotrichida,Halteriidae,Trichosporiella,Protist
OTU3096,Fungi,Ascomycota,Leotiomycetes,Helotiales,Dermateaceae,Trichosporiella,Fungi
OTU3098,Fungi,Ascomycota,Sordariomycetes,Glomerellales,Plectosphaerellaceae,Gibellulopsis,Fungi
OTU3099,Alveolata,Ciliophora,Spirotrichea,Stichotrichida,NA,Gibellulopsis,Protist
OTU3100,Fungi,Ascomycota,Eurotiomycetes,Chaetothyriales,Herpotrichiellaceae,Exophiala,Fungi
OTU3101,Alveolata,Ciliophora,Spirotrichea,Sporadotrichida,Oxytrichidae,Exophiala,Protist
OTU3102,Alveolata,Ciliophora,Spirotrichea,Sporadotrichida,Oxytrichidae,Exophiala,Protist
OTU3103,Fungi,Basidiomycota,Tremellomycetes,Filobasidiales,Piskurozymaceae,Solicoccozyma,Fungi
OTU3105,Fungi,Ascomycota,Dothideomycetes,Pleosporales,Periconiaceae,Periconia,Fungi
OTU3107,Fungi,Basidiomycota,Tremellomycetes,Filobasidiales,Piskurozymaceae,Solicoccozyma,Fungi
OTU3108,Viridiplantae,Chlorophyta,Chlorophyceae,Chlamydomonadales,Chlorococcaceae,Solicoccozyma,Viridiplantae
OTU3110,Fungi,Ascomycota,Eurotiomycetes,Chaetothyriales,Herpotrichiellaceae,Exophiala,Fungi
OTU3111,Fungi,Ascomycota,Eurotiomycetes,Eurotiales,Aspergillaceae,Aspergillus,Fungi
OTU3116,Fungi,Ascomycota,Sordariomycetes,Hypocreales,Nectriaceae,Nectria,Fungi
OTU3120,Fungi,Ascomycota,Dothideomycetes,Capnodiales,Cladosporiaceae,Cladosporium,Fungi
OTU3121,Fungi,Ascomycota,Dothideomycetes,Capnodiales,Cladosporiaceae,Cladosporium,Fungi
OTU3122,Fungi,Ascomycota,Leotiomycetes,Helotiales,Ploettnerulaceae,Cadophora,Fungi
OTU3152,Fungi,Mortierellomycota,Mortierellomycetes,Mortierellales,Mortierellaceae,Mortierella,Fungi
OTU3155,Fungi,Mortierellomycota,Mortierellomycetes,Mortierellales,Mortierellaceae,Mortierella,Fungi
OTU3158,Fungi,Ascomycota,Eurotiomycetes,Eurotiales,Aspergillaceae,Talaromyces,Fungi
OTU3161,Fungi,Ascomycota,Eurotiomycetes,Eurotiales,Aspergillaceae,Talaromyces,Fungi
OTU3163,Fungi,Ascomycota,Sordariomycetes,Microascales,Microascaceae,Enterocarpus,Fungi
OTU3172,Viridiplantae,Chlorophyta,Chlorophyceae,Volvocales,Chlamydomonadaceae,Talaromyces,Viridiplantae
OTU3173,Fungi,Chytridiomycota,Spizellomycetes,Spizellomycetales,NA,NA,Fungi
OTU3175,Fungi,Ascomycota,Sordariomycetes,Sordariales,Chaetomiaceae,Chaetomidium,Fungi
OTU3176,Fungi,Ascomycota,Sordariomycetes,Boliniales,Junewangiaceae,Flammispora,Fungi
OTU3177,Fungi,Mucoromycota,Mucoromycetes,Mucorales,Mucoraceae,Mucor,Fungi
OTU3178,Rhizaria,Cercozoa,NA,Cercomonadida,Cercomonadidae,Mucor,Protist
OTU3183,Stramenopila,Ochrophyta,Chrysophyceae,Chromulinales,Dinobryaceae,Betamyces,Protist
OTU3184,Fungi,Mortierellomycota,Mortierellomycetes,Mortierellales,Mortierellaceae,Linnemannia,Fungi
OTU3191,Fungi,Ascomycota,Dothideomycetes,Pleosporales,Periconiaceae,Periconia,Fungi
OTU320,Fungi,Ascomycota,Sordariomycetes,Atractosporales,Conlariaceae,Conlarium,Fungi
OTU3226,Fungi,Ascomycota,Leotiomycetes,Helotiales,Dermateaceae,Trichosporiella,Fungi
OTU3227,Fungi,Chytridiomycota,Rhizophlyctidomycetes,Rhizophlyctidales,Sonoraphlyctidaceae,Sonoraphlyctis,Fungi
OTU3228,Fungi,Ascomycota,Sordariomycetes,Hypocreales,Bionectriaceae,Clonostachys,Fungi
OTU3229,Stramenopila,Oomycota,Oomycetes,Pythiales,Pythiaceae,Clonostachys,Protist
OTU3234,Fungi,Chytridiomycota,Spizellomycetes,Spizellomycetales,Spizellomycetaceae,Spizellomyces,Fungi
OTU3244,Fungi,Ascomycota,Sordariomycetes,NA,NA,Badarisama,Fungi
OTU3245,Fungi,Ascomycota,Sordariomycetes,Hypocreales,Bionectriaceae,Clonostachys,Fungi
OTU3246,Fungi,Ascomycota,Sordariomycetes,Microascales,Ceratocystidaceae,Berkeleyomyces,Fungi
OTU3249,Fungi,Basidiomycota,Agaricomycetes,Phallales,Phallaceae,Phallus,Fungi
OTU3254,Fungi,Basidiomycota,Ustilaginomycetes,Ustilaginales,Ustilaginaceae,Ustilago,Fungi
OTU3257,Fungi,Basidiomycota,Agaricomycetes,Thelephorales,Thelephoraceae,Ganoderma,Fungi
OTU3259,Fungi,Ascomycota,Dothideomycetes,Tubeufiales,Tubeufiaceae,Neohelicomyces,Fungi
OTU3262,Fungi,Ascomycota,Sordariomycetes,Sordariales,Chaetomiaceae,Chaetomium,Fungi
OTU3264,Fungi,Ascomycota,Sordariomycetes,NA,NA,Badarisama,Fungi
OTU3265,Viridiplantae,Chlorophyta,Chlorophyceae,Chlamydomonadales,Chlorococcaceae,Badarisama,Viridiplantae
OTU3267,Viridiplantae,Bryophyta,Bryopsida,Dicranales,Oncophoraceae,Dendryphiella,Viridiplantae
OTU3270,Rhizaria,Haplosporidia,NA,NA,NA,Dendryphiella,Protist
OTU3271,Viridiplantae,Chlorophyta,Chlorophyceae,Chaetopeltidales,Chaetopeltidaceae,Dendryphiella,Viridiplantae
OTU3300,Fungi,Chytridiomycota,Spizellomycetes,Spizellomycetales,NA,NA,Fungi
OTU332,Fungi,Ascomycota,Sordariomycetes,Atractosporales,Conlariaceae,Conlarium,Fungi
OTU3346,Viridiplantae,Chlorophyta,Chlorophyceae,Volvocales,Chlamydomonadaceae,Anungitiomyces,Viridiplantae
OTU3347,Fungi,Ascomycota,Sordariomycetes,Atractosporales,Conlariaceae,Conlarium,Fungi
OTU3350,Metazoa,Nematoda,Chromadorea,Rhabditida,Pratylenchidae,Conlarium,Metazoa
OTU3352,Viridiplantae,Chlorophyta,Chlorophyceae,Chlamydomonadales,Chlamydomonadaceae,Conlarium,Viridiplantae
OTU3355,Rhizaria,Cercozoa,NA,Cercomonadida,Cercomonadidae,Mollisia,Protist
OTU3371,Rhizaria,Cercozoa,NA,Cercomonadida,Cercomonadidae,Stropharia,Protist
OTU3372,Rhizaria,Cercozoa,NA,Cercomonadida,Cercomonadidae,Stropharia,Protist
OTU3392,Alveolata,Ciliophora,Spirotrichea,Sporadotrichida,Oxytrichidae,Rhodotorula,Protist
OTU3443,Viridiplantae,Chlorophyta,Chlorophyceae,Volvocales,Chlamydomonadaceae,NA,Viridiplantae
OTU3446,Fungi,Ascomycota,Dothideomycetes,Pleosporales,Melanommataceae,Sporidesmiella,Fungi
OTU3449,Rhizaria,Cercozoa,NA,NA,NA,Sporidesmiella,Protist
OTU3536,Rhizaria,Cercozoa,Imbricatea,Thaumatomonadida,Thaumatomastigidae,Panaeolina,Protist
OTU3541,Stramenopila,Oomycota,Oomycetes,Pythiales,Pythiaceae,NA,Protist
OTU3557,Fungi,Chytridiomycota,Rhizophydiomycetes,Rhizophydiales,Rhizophydiaceae,Rhizophydium,Fungi
OTU3580,Amoebozoa,Conosa,Variosea,NA,NA,NA,Protist
OTU3594,Fungi,Ascomycota,Dothideomycetes,Venturiales,Sympoventuriaceae,Ochroconis,Fungi
OTU3599,Alveolata,Ciliophora,Litostomatea,Haptorida,Spathidiidae,Oliveonia,Protist
OTU3606,Heterolobosa,Lobosa,Heterolobosea,Schizopyrenida,Vahlkampfiidae,NA,Protist
OTU3612,Fungi,Ascomycota,Dothideomycetes,Pleosporales,Phaeosphaeriaceae,Neosetophoma,Fungi
OTU3619,Fungi,Ascomycota,Sordariomycetes,Hypocreales,Hypocreaceae,NA,Fungi
OTU3624,Fungi,Ascomycota,Dothideomycetes,Pleosporales,Pleosporaceae,NA,Fungi
OTU3627,Fungi,Ascomycota,Sordariomycetes,Sordariales,Chaetomiaceae,NA,Fungi
OTU3628,Fungi,Ascomycota,Sordariomycetes,Sordariales,Chaetomiaceae,NA,Fungi
OTU3631,Fungi,Chytridiomycota,Spizellomycetes,Spizellomycetales,Powellomycetaceae,NA,Fungi
OTU3637,Fungi,Mortierellomycota,Mortierellomycetes,Mortierellales,Mortierellaceae,Phytophthora,Fungi
OTU3639,Fungi,Mortierellomycota,Mortierellomycetes,Mortierellales,Mortierellaceae,Phytophthora,Fungi
OTU3645,Fungi,Ascomycota,Sordariomycetes,Hypocreales,Nectriaceae,NA,Fungi
OTU3649,Fungi,Ascomycota,Sordariomycetes,Hypocreales,Nectriaceae,NA,Fungi
OTU365,Fungi,Ascomycota,Leotiomycetes,Helotiales,Hyaloscyphaceae,NA,Fungi
OTU3662,Fungi,Ascomycota,Sordariomycetes,Chaetosphaeriales,Chaetosphaeriaceae,NA,Fungi
OTU3672,Fungi,Rozellomycota,NA,NA,NA,NA,Fungi
OTU3677,Alveolata,Ciliophora,Colpodea,Colpodida,Colpodidae,Colpoda,Protist
OTU3682,Fungi,Ascomycota,Sordariomycetes,Chaetosphaeriales,Chaetosphaeriaceae,NA,Fungi
OTU3686,Fungi,Chytridiomycota,Rhizophydiomycetes,Rhizophydiales,NA,NA,Fungi
OTU3728,Alveolata,Ciliophora,Litostomatea,Haptorida,Spathidiidae,Desmochloris,Protist
OTU3743,Fungi,Ascomycota,Orbiliomycetes,Orbiliales,Orbiliaceae,Chlorella,Fungi
OTU3757,Fungi,Ascomycota,Leotiomycetes,Thelebolales,Thelebolaceae,Chlorella,Fungi
OTU3765,Fungi,Ascomycota,Dothideomycetes,Capnodiales,Mycosphaerellaceae,Chlorella,Fungi
OTU3768,Fungi,Basidiomycota,Tremellomycetes,Tremellales,Trimorphomycetaceae,Chlorella,Fungi
OTU3788,Fungi,Ascomycota,Sordariomycetes,Chaetosphaeriales,Chaetosphaeriaceae,Micractinium,Fungi
OTU3801,Fungi,Ascomycota,Orbiliomycetes,Orbiliales,Orbiliaceae,Dictyochloris,Fungi
OTU3805,Fungi,Ascomycota,Sordariomycetes,Chaetosphaeriales,Chaetosphaeriaceae,Dictyochloris,Fungi
OTU3824,Viridiplantae,Chlorophyta,Chlorophyceae,Volvocales,Chlamydomonadaceae,Chlamydomonas,Viridiplantae
OTU3833,Fungi,Ascomycota,Sordariomycetes,Xylariales,Togniniaceae,Chlamydomonas,Fungi
OTU3837,Fungi,Ascomycota,Sordariomycetes,Myrmecridiales,Atractosporaceae,Chlamydomonas,Fungi
OTU3838,Viridiplantae,Chlorophyta,Chlorophyceae,Volvocales,Chlamydomonadaceae,Chlamydomonas,Viridiplantae
OTU3841,Fungi,Ascomycota,Sordariomycetes,Hypocreales,Clavicipitaceae,Chlamydomonas,Fungi
OTU3842,Fungi,Ascomycota,Sordariomycetes,Sordariales,Lasiosphaeriaceae,Chlamydomonas,Fungi
OTU3845,Alveolata,Ciliophora,Oligohymenophorea,Astomatida,NA,Chlamydomonas,Protist
OTU3850,Fungi,Ascomycota,Sordariomycetes,Hypocreales,Niessliaceae,Chlamydomonas,Fungi
OTU3853,Fungi,Ascomycota,Sordariomycetes,Myrmecridiales,Atractosporaceae,Chlamydomonas,Fungi
OTU3858,Fungi,Ascomycota,Sordariomycetes,Glomerellales,Plectosphaerellaceae,Chlamydomonas,Fungi
OTU3860,Fungi,Ascomycota,Sordariomycetes,Xylariales,Togniniaceae,Chlamydomonas,Fungi
OTU3863,Alveolata,Ciliophora,Litostomatea,Haptorida,Spathidiidae,Chlamydomonas,Protist
OTU3868,Fungi,Ascomycota,Eurotiomycetes,Eurotiales,Aspergillaceae,Chlamydomonas,Fungi
OTU3870,Alveolata,Ciliophora,Spirotrichea,Sporadotrichida,Oxytrichidae,Chlamydomonas,Protist
OTU3871,Rhizaria,Haplosporidia,NA,NA,NA,Chlamydomonas,Protist
OTU3873,Fungi,Ascomycota,Leotiomycetes,Helotiales,Dermateaceae,Chlamydomonas,Fungi
OTU3875,Alveolata,Ciliophora,Spirotrichea,Sporadotrichida,Oxytrichidae,Chlamydomonas,Protist
OTU3877,Fungi,Ascomycota,Sordariomycetes,Sordariales,Chaetomiaceae,Chlamydomonas,Fungi
OTU3880,Alveolata,Ciliophora,Spirotrichea,Sporadotrichida,Oxytrichidae,Chlamydomonas,Protist
OTU3894,Fungi,Basidiomycota,Microbotryomycetes,NA,NA,Tetrabaena,Fungi
OTU3896,Viridiplantae,Chlorophyta,Chlorophyceae,Volvocales,Chlamydomonadaceae,Chlamydomonas,Viridiplantae
OTU3899,Euglenozoa,Kinetoplastia,Kinetoplastea,NA,NA,Chlamydomonas,Protist
OTU3901,Alveolata,Ciliophora,Spirotrichea,Stichotrichida,NA,Chlamydomonas,Protist
OTU3902,Alveolata,Ciliophora,Spirotrichea,Sporadotrichida,Oxytrichidae,Chlamydomonas,Protist
OTU3904,Fungi,Basidiomycota,Agaricomycetes,Agaricales,Boletaceae,Chlamydomonas,Fungi
OTU3908,Fungi,Chytridiomycota,Rhizophydiomycetes,Rhizophydiales,NA,Chlamydomonas,Fungi
OTU3921,Fungi,Ascomycota,Sordariomycetes,Hypocreales,Hypocreaceae,Chlamydomonas,Fungi
OTU3927,Viridiplantae,Chlorophyta,Chlorophyceae,Volvocales,Chlamydomonadaceae,Chlamydomonas,Viridiplantae
OTU3953,Rhizaria,Cercozoa,Imbricatea,Thaumatomonadida,Thaumatomastigidae,Cynodontium,Protist
OTU4076,Alveolata,Ciliophora,Spirotrichea,Stichotrichida,Halteriidae,NA,Protist
OTU4092,Alveolata,Ciliophora,Oligohymenophorea,Astomatida,NA,NA,Protist
OTU4096,Fungi,Ascomycota,Sordariomycetes,Sordariales,Podosporaceae,NA,Fungi
OTU4098,Fungi,Ascomycota,Leotiomycetes,Helotiales,Calloriaceae,NA,Fungi
OTU4105,Fungi,Basidiomycota,Agaricomycetes,Agaricales,Boletaceae,NA,Fungi
OTU4108,Alveolata,Ciliophora,Colpodea,Colpodida,Colpodidae,NA,Protist
OTU4118,Alveolata,Ciliophora,Spirotrichea,Stichotrichida,Halteriidae,NA,Protist
OTU4120,Fungi,Ascomycota,Sordariomycetes,Hypocreales,Junewangiaceae,NA,Fungi
OTU4222,Heterolobosa,Lobosa,Heterolobosea,Schizopyrenida,Vahlkampfiidae,NA,Protist
OTU4231,Fungi,Chytridiomycota,Rhizophlyctidomycetes,Rhizophlyctidales,Sonoraphlyctidaceae,NA,Fungi
OTU4243,Rhizaria,Cercozoa,NA,NA,NA,NA,Protist
OTU4247,Alveolata,Ciliophora,Oligohymenophorea,Philasterida,NA,NA,Protist
OTU4298,Alveolata,Ciliophora,NA,NA,NA,Amaranthus,Protist
OTU4303,Alveolata,Ciliophora,Spirotrichea,Sporadotrichida,Halteriidae,Amaranthus,Protist
OTU4314,Fungi,Ascomycota,Dothideomycetes,Pleosporales,Phaeosphaeriaceae,Chlamydomonas,Fungi
OTU4315,Rhizaria,Endomyxa,Phytomyxea,Plasmodiophorida,Plasmodiophoridae,Chlamydomonas,Protist
OTU4320,Fungi,Ascomycota,Dothideomycetes,Pleosporales,Phaeosphaeriaceae,Chlamydomonas,Fungi
OTU4321,Fungi,Basidiomycota,Agaricomycetes,Geastrales,NA,Chlamydomonas,Fungi
OTU4329,Fungi,Ascomycota,Sordariomycetes,Hypocreales,Stachybotryaceae,Chlamydomonas,Fungi
OTU4331,Fungi,Chytridiomycota,Rhizophlyctidomycetes,Rhizophlyctidales,Rhizophlyctidaceae,Chlamydomonas,Fungi
OTU4334,Fungi,Ascomycota,Sordariomycetes,Sordariales,Chaetomiaceae,Chlamydomonas,Fungi
OTU4336,Fungi,Chytridiomycota,Lobulomycetes,Lobulomycetales,NA,Chlamydomonas,Fungi
OTU4337,Rhizaria,Endomyxa,Phytomyxea,Plasmodiophorida,Plasmodiophoridae,Chlamydomonas,Protist
OTU4338,Fungi,Ascomycota,Orbiliomycetes,Orbiliales,Orbiliaceae,Chlamydomonas,Fungi
OTU4340,Fungi,Ascomycota,Sordariomycetes,Hypocreales,Nectriaceae,Chlamydomonas,Fungi
OTU4341,Fungi,Ascomycota,Eurotiomycetes,Eurotiales,Aspergillaceae,Chlamydomonas,Fungi
OTU4348,Rhizaria,Cercozoa,Sarcomonadea,Cercomonadida,Cercomonadidae,Chlamydomonas,Protist
OTU4349,Alveolata,Ciliophora,Spirotrichea,Sporadotrichida,Halteriidae,Chlamydomonas,Protist
OTU4351,Fungi,Ascomycota,Dothideomycetes,Capnodiales,Mycosphaerellaceae,Chlamydomonas,Fungi
OTU4352,Alveolata,Ciliophora,Spirotrichea,Sporadotrichida,Oxytrichidae,Chlamydomonas,Protist
OTU4354,Rhizaria,Cercozoa,NA,NA,NA,Chlamydomonas,Protist
OTU4356,Fungi,Ascomycota,Sordariomycetes,Hypocreales,Stachybotryaceae,Chlamydomonas,Fungi
OTU4360,Fungi,Ascomycota,Dothideomycetes,Pleosporales,Dictyosporiaceae,Chlamydomonas,Fungi
OTU4363,Fungi,Basidiomycota,Agaricomycetes,Geastrales,NA,Chlamydomonas,Fungi
OTU4364,Fungi,Ascomycota,Sordariomycetes,Hypocreales,Nectriaceae,Chlamydomonas,Fungi
OTU4366,Alveolata,Ciliophora,Spirotrichea,Sporadotrichida,Oxytrichidae,Chlamydomonas,Protist
OTU4369,Fungi,Ascomycota,Dothideomycetes,Pleosporales,Phaeosphaeriaceae,Chlamydomonas,Fungi
OTU4370,Fungi,Ascomycota,Sordariomycetes,Hypocreales,Hypocreaceae,Chlamydomonas,Fungi
OTU4379,Fungi,Chytridiomycota,Spizellomycetes,Spizellomycetales,Powellomycetaceae,Chlamydomonas,Fungi
OTU4403,Alveolata,Ciliophora,NA,NA,NA,Chlamydomonas,Protist
OTU4411,Fungi,Ascomycota,Sordariomycetes,Microascales,Microascaceae,Chlamydomonas,Fungi
OTU4416,Fungi,Chytridiomycota,Chytridiomycetes,Chytridiales,NA,Chlamydomonas,Fungi
OTU4420,Stramenopila,Oomycota,Oomycetes,Pythiales,Pythiaceae,Chlamydomonas,Protist
OTU4422,Fungi,Mortierellomycota,Mortierellomycetes,Mortierellales,Mortierellaceae,Chlamydomonas,Fungi
OTU4428,Alveolata,Ciliophora,NA,NA,NA,Chlamydomonas,Protist
OTU4429,Alveolata,Ciliophora,Spirotrichea,Urostylida,Holostichidae,Chlamydomonas,Protist
OTU4430,Fungi,Chytridiomycota,Rhizophydiomycetes,Rhizophydiales,NA,Chlamydomonas,Fungi
OTU4433,Alveolata,Ciliophora,NA,NA,NA,Chlamydomonas,Protist
OTU4435,Fungi,Chytridiomycota,Rhizophydiomycetes,Rhizophydiales,NA,Chlamydomonas,Fungi
OTU4436,Fungi,Ascomycota,Sordariomycetes,Sordariales,Podosporaceae,Chlamydomonas,Fungi
OTU4437,Fungi,Ascomycota,Dothideomycetes,Pleosporales,Phaeosphaeriaceae,Chlamydomonas,Fungi
OTU4438,Alveolata,Ciliophora,Oligohymenophorea,NA,Vorticellidae,Chlamydomonas,Protist
OTU4441,Viridiplantae,Chlorophyta,Trebouxiophyceae,Trebouxiales,Trebouxiaceae,Parietochloris,Viridiplantae
OTU4443,Fungi,Ascomycota,Dothideomycetes,Pleosporales,Lentitheciaceae,Parietochloris,Fungi
OTU4446,Fungi,Ascomycota,Dothideomycetes,Pleosporales,Phaeosphaeriaceae,Parietochloris,Fungi
OTU4451,Alveolata,Ciliophora,Oligohymenophorea,Astomatida,NA,Parietochloris,Protist
OTU4453,Viridiplantae,Chlorophyta,Chlorophyceae,Chlamydomonadales,Chlorococcaceae,Tetracystis,Viridiplantae
OTU4476,Fungi,Mortierellomycota,Mortierellomycetes,Mortierellales,Mortierellaceae,Tetracystis,Fungi
OTU4485,Fungi,Ascomycota,Eurotiomycetes,Chaetothyriales,Herpotrichiellaceae,Spongiococcum,Fungi
OTU4487,Fungi,Ascomycota,Sordariomycetes,Hypocreales,Nectriaceae,Spongiococcum,Fungi
OTU4488,Fungi,Ascomycota,Sordariomycetes,Sordariales,Chaetomiaceae,Spongiococcum,Fungi
OTU4493,Fungi,Chytridiomycota,Rhizophlyctidomycetes,Rhizophlyctidales,Rhizophlyctidaceae,Spongiococcum,Fungi
OTU4495,Alveolata,Ciliophora,Spirotrichea,Urostylida,Urostylidae,Spongiococcum,Protist
OTU4496,Fungi,Ascomycota,Dothideomycetes,Pleosporales,Dictyosporiaceae,Spongiococcum,Fungi
OTU4500,Fungi,Ascomycota,Sordariomycetes,Hypocreales,Nectriaceae,Spongiococcum,Fungi
OTU4502,Fungi,Ascomycota,Leotiomycetes,Thelebolales,Thelebolaceae,Spongiococcum,Fungi
OTU4506,Fungi,Ascomycota,Sordariomycetes,Glomerellales,Plectosphaerellaceae,Spongiococcum,Fungi
OTU4508,Fungi,Ascomycota,Eurotiomycetes,Chaetothyriales,Herpotrichiellaceae,Spongiococcum,Fungi
OTU4511,Alveolata,Ciliophora,Spirotrichea,Urostylida,Urostylidae,Spongiococcum,Protist
OTU4512,Fungi,Ascomycota,Dothideomycetes,Pleosporales,Leptosphaeriaceae,Spongiococcum,Fungi
OTU4515,Fungi,Ascomycota,Sordariomycetes,Microascales,Microascaceae,Spongiococcum,Fungi
OTU4516,Viridiplantae,Chlorophyta,Chlorophyceae,Chlamydomonadales,Chlorococcaceae,Tetracystis,Viridiplantae
OTU4522,Fungi,Ascomycota,Sordariomycetes,Hypocreales,Nectriaceae,Chlamydomonas,Fungi
OTU4523,Fungi,Mortierellomycota,Mortierellomycetes,Mortierellales,Mortierellaceae,Chlamydomonas,Fungi
OTU4526,Fungi,Ascomycota,Dothideomycetes,Pleosporales,Phaeosphaeriaceae,Chlamydomonas,Fungi
OTU4527,Fungi,Ascomycota,Dothideomycetes,Pleosporales,Phaeosphaeriaceae,Chlamydomonas,Fungi
OTU4529,Fungi,Mortierellomycota,Mortierellomycetes,Mortierellales,Mortierellaceae,Chlamydomonas,Fungi
OTU4530,Fungi,Ascomycota,Sordariomycetes,Hypocreales,Nectriaceae,Chlamydomonas,Fungi
OTU4533,Fungi,Ascomycota,Sordariomycetes,Hypocreales,Nectriaceae,Chlamydomonas,Fungi
OTU4536,Fungi,Ascomycota,Dothideomycetes,Pleosporales,Didymellaceae,Chlamydomonas,Fungi
OTU4539,Fungi,Ascomycota,Leotiomycetes,Thelebolales,Thelebolaceae,Tetracystis,Fungi
OTU4540,Fungi,Ascomycota,Sordariomycetes,Hypocreales,Nectriaceae,Tetracystis,Fungi
OTU4542,Fungi,Ascomycota,Dothideomycetes,Pleosporales,Didymellaceae,Tetracystis,Fungi
OTU4543,Viridiplantae,Chlorophyta,Chlorophyceae,Chlamydomonadales,Chlorosarcinaceae,Chlorosarcinopsis,Viridiplantae
OTU4544,Rhodoplantae,NA,NA,NA,NA,Chlorosarcinopsis,Others
OTU4551,Viridiplantae,Chlorophyta,Chlorophyceae,Chlamydomonadales,Chlorosarcinaceae,Chlorosarcinopsis,Viridiplantae
OTU4553,Fungi,Ascomycota,Eurotiomycetes,Onygenales,NA,Chlorosarcinopsis,Fungi
OTU4554,Fungi,Ascomycota,Sordariomycetes,Sordariales,Chaetomiaceae,Chlorosarcinopsis,Fungi
OTU4569,Fungi,Ascomycota,Eurotiomycetes,Chaetothyriales,Cyphellophoraceae,Chlamydomonas,Fungi
OTU4573,Viridiplantae,Chlorophyta,Chlorophyceae,Sphaeropleales,Scenedesmaceae,Coelastrella,Viridiplantae
OTU4575,Cryptista,Cryptophyta,NA,NA,NA,Coelastrella,Protist
OTU4606,Fungi,Ascomycota,Dothideomycetes,Pleosporales,Cucurbitariaceae,Tetracystis,Fungi
OTU4651,Alveolata,Ciliophora,Spirotrichea,Sporadotrichida,NA,Tetracystis,Protist
OTU4657,Viridiplantae,Chlorophyta,Chlorophyceae,Chlamydomonadales,Tetracystaceae,Tetracystis,Viridiplantae
OTU4663,Fungi,Ascomycota,Dothideomycetes,Pleosporales,Melanommataceae,NA,Fungi
OTU4665,Stramenopila,Ochrophyta,Eustigmatophyceae,Eustigmatales,Eustigmataceae,NA,Protist
OTU4686,Alveolata,Ciliophora,Spirotrichea,Sporadotrichida,Oxytrichidae,Chenopodium,Protist
OTU4689,Fungi,Chytridiomycota,GS13,Xylariales,Microdochiaceae,Chenopodium,Fungi
OTU4693,Fungi,Ascomycota,Eurotiomycetes,Onygenales,Gymnoascaceae,Chenopodium,Fungi
OTU4697,Fungi,Ascomycota,Sordariomycetes,Sordariales,Neoschizotheciaceae,Klebsormidium,Fungi
OTU4699,Alveolata,Ciliophora,Spirotrichea,Urostylida,Holostichidae,Klebsormidium,Protist
OTU4700,Fungi,Ascomycota,Dothideomycetes,Pleosporales,Lentitheciaceae,Klebsormidium,Fungi
OTU4701,Fungi,Ascomycota,Eurotiomycetes,Eurotiales,Aspergillaceae,Klebsormidium,Fungi
OTU4702,Fungi,Ascomycota,Eurotiomycetes,Onygenales,Gymnoascaceae,Klebsormidium,Fungi
OTU4705,Fungi,Ascomycota,Eurotiomycetes,Chaetothyriales,Herpotrichiellaceae,Klebsormidium,Fungi
OTU4708,Viridiplantae,Chlorophyta,Chlorophyceae,Chlamydomonadales,Chlorococcaceae,Tetracystis,Viridiplantae
OTU4709,Fungi,Ascomycota,Eurotiomycetes,Chaetothyriales,NA,Tetracystis,Fungi
OTU4710,Fungi,Mucoromycota,Mucoromycetes,Mucorales,Mucoraceae,Tetracystis,Fungi
OTU4713,Viridiplantae,Bryophyta,Bryopsida,Bryales,Bryaceae,Bryum,Viridiplantae
OTU4715,Fungi,Basidiomycota,Agaricomycetes,NA,NA,Bryum,Fungi
OTU4716,Viridiplantae,Chlorophyta,Chlorophyceae,Chlamydomonadales,Chlorococcaceae,Tetracystis,Viridiplantae
OTU4717,Viridiplantae,Chlorophyta,Chlorophyceae,Chlamydomonadales,Chlorococcaceae,Spongiochloris,Viridiplantae
OTU4719,Fungi,Ascomycota,Sordariomycetes,Sordariales,Lasiosphaeriaceae,Spongiochloris,Fungi
OTU4723,Fungi,Ascomycota,Eurotiomycetes,Eurotiales,Aspergillaceae,Spongiochloris,Fungi
OTU4729,Fungi,Ascomycota,Sordariomycetes,Sordariales,Neoschizotheciaceae,Spongiochloris,Fungi
OTU4732,Fungi,Ascomycota,Sordariomycetes,Sordariales,Neoschizotheciaceae,Spongiochloris,Fungi
OTU4735,Fungi,Ascomycota,Sordariomycetes,Hypocreales,Hypocreaceae,Spongiochloris,Fungi
OTU4736,Fungi,Ascomycota,Eurotiomycetes,Chaetothyriales,Cyphellophoraceae,Spongiochloris,Fungi
OTU4737,Alveolata,Ciliophora,Spirotrichea,Sporadotrichida,Oxytrichidae,Spongiochloris,Protist
OTU4739,Fungi,Ascomycota,Sordariomycetes,Hypocreales,Nectriaceae,Spongiochloris,Fungi
OTU4741,Fungi,Ascomycota,Eurotiomycetes,Eurotiales,Aspergillaceae,Spongiochloris,Fungi
OTU4742,Fungi,Ascomycota,Sordariomycetes,Hypocreales,Nectriaceae,Spongiochloris,Fungi
OTU4746,Fungi,Ascomycota,Sordariomycetes,Sordariales,Lasiosphaeriaceae,Chlorococcum,Fungi
OTU4755,Fungi,Ascomycota,Sordariomycetes,Microascales,Microascaceae,Deasonia,Fungi
OTU4776,Fungi,Ascomycota,Eurotiomycetes,Chaetothyriales,Herpotrichiellaceae,Tetracystis,Fungi
OTU4790,Fungi,Ascomycota,Dothideomycetes,Pleosporales,Melanommataceae,Chlorella,Fungi
OTU4795,Fungi,Ascomycota,Dothideomycetes,Pleosporales,Dictyosporiaceae,Chlorella,Fungi
OTU4823,Fungi,Chytridiomycota,Rhizophlyctidomycetes,Rhizophlyctidales,Rhizophlyctidaceae,NA,Fungi
OTU4826,Fungi,Chytridiomycota,Rhizophlyctidomycetes,Rhizophlyctidales,Rhizophlyctidaceae,NA,Fungi
OTU4828,Fungi,Glomeromycota,Glomeromycetes,Glomerales,Claroideoglomeraceae,NA,Fungi
OTU4830,Rhizaria,Cercozoa,Bacillariophyceae,NA,NA,NA,Protist
OTU4834,Fungi,Ascomycota,Sordariomycetes,Hypocreales,Nectriaceae,NA,Fungi
OTU4835,Viridiplantae,Chlorophyta,Chlorophyceae,Volvocales,Chlamydomonadaceae,Chlamydomonas,Viridiplantae
OTU4848,Stramenopila,Ochrophyta,Chrysophyceae,Chromulinales,Chromulinaceae,Chlamydomonas,Protist
OTU4863,Alveolata,Ciliophora,Colpodea,Colpodida,Colpodidae,Tetracystis,Protist
OTU4868,Alveolata,Ciliophora,Colpodea,Colpodida,Colpodidae,Tetracystis,Protist
OTU4869,Fungi,Ascomycota,Eurotiomycetes,Eurotiales,Aspergillaceae,Tetracystis,Fungi
OTU4889,Fungi,Ascomycota,Dothideomycetes,Coniosporiales,Coniosporiaceae,NA,Fungi
OTU4892,Fungi,Ascomycota,Sordariomycetes,Sordariales,Chaetomiaceae,NA,Fungi
OTU4898,Alveolata,Ciliophora,Colpodea,Colpodida,Colpodidae,NA,Protist
OTU490,Alveolata,Ciliophora,Spirotrichea,Sporadotrichida,Oxytrichidae,NA,Protist
OTU4909,Alveolata,Ciliophora,Spirotrichea,Stichotrichida,NA,NA,Protist
OTU4910,Fungi,Basidiomycota,Classiculomycetes,Classiculales,NA,NA,Fungi
OTU4921,Alveolata,Ciliophora,Oligohymenophorea,Astomatida,NA,Arboramoeba,Protist
OTU4925,Alveolata,Ciliophora,Oligohymenophorea,Astomatida,NA,Arboramoeba,Protist
OTU494,Fungi,Ascomycota,Leotiomycetes,Helotiales,Mollisiaceae,Arboramoeba,Fungi
OTU4942,Rhizaria,Cercozoa,NA,Cercomonadida,Cercomonadidae,Arboramoeba,Protist
OTU4950,Fungi,Chytridiomycota,Rhizophydiomycetes,Rhizophydiales,NA,Tetracystis,Fungi
OTU4955,Fungi,Ascomycota,Sordariomycetes,Atractosporales,Conlariaceae,Tetracystis,Fungi
OTU4957,Fungi,Ascomycota,Sordariomycetes,Atractosporales,Conlariaceae,Tetracystis,Fungi
OTU4960,Fungi,Zoopagomycota,Zoopagomycetes,Zoopagales,Piptocephalidaceae,Tetracystis,Fungi
OTU4962,Fungi,Ascomycota,Eurotiomycetes,Chaetothyriales,Trichomeriaceae,Tetracystis,Fungi
OTU498,Rhizaria,Cercozoa,NA,NA,NA,Stigeoclonium,Protist
OTU4992,Fungi,Chytridiomycota,Spizellomycetes,Spizellomycetales,Powellomycetaceae,Stigeoclonium,Fungi
OTU4997,Rhizaria,Cercozoa,NA,NA,NA,Stigeoclonium,Protist
OTU5001,Alveolata,Ciliophora,NA,NA,NA,Chlorococcum,Protist
OTU5005,Fungi,Ascomycota,Dothideomycetes,Pleosporales,Dictyosporiaceae,Chlorococcum,Fungi
OTU5010,Fungi,Basidiomycota,Tremellomycetes,Filobasidiales,Piskurozymaceae,Chlorococcum,Fungi
OTU5011,Fungi,Chytridiomycota,Spizellomycetes,Spizellomycetales,NA,Chlorococcum,Fungi
OTU5012,Fungi,Basidiomycota,Tremellomycetes,Filobasidiales,Filobasidiaceae,Chlorococcum,Fungi
OTU5013,Fungi,Ascomycota,Eurotiomycetes,Chaetothyriales,Herpotrichiellaceae,Chlorococcum,Fungi
OTU5015,Fungi,Ascomycota,Dothideomycetes,Pleosporales,Lentitheciaceae,Chlorococcum,Fungi
OTU5016,Viridiplantae,Chlorophyta,Chlorophyceae,Chlamydomonadales,Chlorococcaceae,Spongiochloris,Viridiplantae
OTU5017,Fungi,Basidiomycota,Classiculomycetes,Classiculales,NA,Spongiochloris,Fungi
OTU5018,Viridiplantae,Chlorophyta,Chlorophyceae,Chlamydomonadales,Chlorococcaceae,Chlorococcum,Viridiplantae
OTU5019,Fungi,Ascomycota,Eurotiomycetes,Chaetothyriales,Herpotrichiellaceae,Chlorococcum,Fungi
OTU5020,Fungi,Ascomycota,Pezizomycetes,Pezizales,Pyronemataceae,Chlorococcum,Fungi
OTU5023,Fungi,Ascomycota,Leotiomycetes,Helotiales,Ploettnerulaceae,Chlorococcum,Fungi
OTU5024,Fungi,Glomeromycota,Glomeromycetes,Glomerales,Claroideoglomeraceae,Chlorococcum,Fungi
OTU5025,Fungi,Ascomycota,Eurotiomycetes,Chaetothyriales,NA,Chlorococcum,Fungi
OTU5027,Fungi,Chytridiomycota,Rhizophlyctidomycetes,Rhizophlyctidales,NA,Chlorococcum,Fungi
OTU5028,Fungi,Ascomycota,Eurotiomycetes,Chaetothyriales,Herpotrichiellaceae,Chlorococcum,Fungi
OTU5029,Fungi,Basidiomycota,Agaricomycetes,Trechisporales,NA,Chlorococcum,Fungi
OTU503,Viridiplantae,Chlorophyta,Chlorophyceae,Volvocales,Chlamydomonadaceae,Chlamydomonas,Viridiplantae
OTU5032,Fungi,Chytridiomycota,Rhizophlyctidomycetes,Rhizophlyctidales,NA,Chlamydomonas,Fungi
OTU5034,Alveolata,Ciliophora,Spirotrichea,Stichotrichida,Amphisiellidae,Chlamydomonas,Protist
OTU5036,Fungi,Ascomycota,Eurotiomycetes,Chaetothyriales,Herpotrichiellaceae,Chlamydomonas,Fungi
OTU5037,Fungi,Chytridiomycota,Spizellomycetes,Spizellomycetales,NA,Chlamydomonas,Fungi
OTU5038,Alveolata,Ciliophora,Spirotrichea,Stichotrichida,Amphisiellidae,Chlamydomonas,Protist
OTU5039,Fungi,Ascomycota,Eurotiomycetes,Eurotiales,Aspergillaceae,Chlamydomonas,Fungi
OTU5040,Fungi,Ascomycota,Sordariomycetes,Hypocreales,Bionectriaceae,Chlamydomonas,Fungi
OTU5041,Alveolata,Ciliophora,Spirotrichea,Stichotrichida,Halteriidae,Chlamydomonas,Protist
OTU5042,Fungi,Ascomycota,Eurotiomycetes,Eurotiales,Aspergillaceae,Chlamydomonas,Fungi
OTU5045,Fungi,Ascomycota,Eurotiomycetes,Chaetothyriales,Herpotrichiellaceae,Chlamydomonas,Fungi
OTU5046,Alveolata,Ciliophora,Spirotrichea,Sporadotrichida,Oxytrichidae,Chlamydomonas,Protist
OTU5049,Fungi,Ascomycota,Pezizomycetes,Pezizales,Pyronemataceae,Chlamydomonas,Fungi
OTU5052,Fungi,Ascomycota,Sordariomycetes,Sordariales,Neoschizotheciaceae,Chlamydomonas,Fungi
OTU5055,Fungi,Ascomycota,Eurotiomycetes,Chaetothyriales,NA,Chlamydomonas,Fungi
OTU5056,Fungi,Ascomycota,Leotiomycetes,Helotiales,Ploettnerulaceae,Chlamydomonas,Fungi
OTU5058,Fungi,Ascomycota,Sordariomycetes,Hypocreales,Clavicipitaceae,Chlamydomonas,Fungi
OTU5069,Fungi,Chytridiomycota,Spizellomycetes,Spizellomycetales,Spizellomycetaceae,Tetracystis,Fungi
OTU507,Fungi,Ascomycota,Leotiomycetes,Thelebolales,Pseudeurotiaceae,Tetracystis,Fungi
OTU5076,Fungi,Chytridiomycota,GS13,Xylariales,Microdochiaceae,Tetracystis,Fungi
OTU508,Fungi,Ascomycota,Dothideomycetes,Pleosporales,Melanommataceae,Tetracystis,Fungi
OTU5080,Fungi,Ascomycota,Sordariomycetes,Hypocreales,Bionectriaceae,Tetracystis,Fungi
OTU5090,Fungi,Ascomycota,Sordariomycetes,Microascales,Microascaceae,Tetracystis,Fungi
OTU5095,Viridiplantae,Chlorophyta,Trebouxiophyceae,Trebouxiales,Trebouxiaceae,Parietochloris,Viridiplantae
OTU510,Fungi,Ascomycota,Pezizomycetes,Pezizales,Pezizaceae,Parietochloris,Fungi
OTU5109,Fungi,Basidiomycota,Cystobasidiomycetes,Cystobasidiales,Cystobasidiaceae,Spongiochloris,Fungi
OTU5113,Alveolata,Ciliophora,Colpodea,Colpodida,Colpodidae,Spongiochloris,Protist
OTU5117,Rhizaria,Cercozoa,NA,Cercomonadida,Cercomonadidae,Spongiochloris,Protist
OTU5120,Fungi,Chytridiomycota,Rhizophlyctidomycetes,Rhizophlyctidales,Rhizophlyctidaceae,Spongiochloris,Fungi
OTU513,Fungi,Chytridiomycota,Rhizophlyctidomycetes,Rhizophlyctidales,NA,Spongiochloris,Fungi
OTU5147,Fungi,Chytridiomycota,Spizellomycetes,Spizellomycetales,NA,Spongiochloris,Fungi
OTU515,Fungi,Ascomycota,Eurotiomycetes,Chaetothyriales,Herpotrichiellaceae,Spongiochloris,Fungi
OTU517,Rhizaria,Endomyxa,Phytomyxea,Plasmodiophorida,Plasmodiophoridae,Bryum,Protist
OTU5180,Fungi,Ascomycota,Dothideomycetes,Pleosporales,Pleosporaceae,Bryum,Fungi
OTU5188,Rhizaria,Cercozoa,NA,NA,NA,Bryum,Protist
OTU5190,Cryptista,Cryptophyta,NA,NA,NA,Bryum,Protist
OTU5193,Fungi,Ascomycota,Leotiomycetes,Helotiales,Hyaloscyphaceae,Bryum,Fungi
OTU5194,Viridiplantae,Chlorophyta,Chlorophyceae,Volvocales,Chlamydomonadaceae,Chlamydomonas,Viridiplantae
OTU5198,Rhodoplantae,NA,NA,NA,NA,Chlamydomonas,Others
OTU5200,Fungi,Basidiomycota,Agaricomycetes,Phallales,Phallaceae,Chlamydomonas,Fungi
OTU5202,Alveolata,Ciliophora,Spirotrichea,Stichotrichida,Halteriidae,Chlamydomonas,Protist
OTU5205,Fungi,Glomeromycota,Glomeromycetes,Glomerales,Claroideoglomeraceae,Chlamydomonas,Fungi
OTU5211,Alveolata,Ciliophora,Spirotrichea,Stichotrichida,NA,Chlamydomonas,Protist
OTU5219,Fungi,Basidiomycota,Agaricomycetes,Thelephorales,Thelephoraceae,Rotundella,Fungi
OTU5221,Fungi,Ascomycota,Dothideomycetes,Pleosporales,Didymosphaeriaceae,Rotundella,Fungi
OTU5223,Fungi,Ascomycota,Eurotiomycetes,Onygenales,Gymnoascaceae,Rotundella,Fungi
OTU5224,Fungi,Ascomycota,Sordariomycetes,Myrmecridiales,Myrmecridiaceae,Rotundella,Fungi
OTU5226,Fungi,Chytridiomycota,Rhizophlyctidomycetes,Rhizophlyctidales,Rhizophlyctidaceae,Rotundella,Fungi
OTU5227,Fungi,Ascomycota,Eurotiomycetes,Verrucariales,Verrucariaceae,Rotundella,Fungi
OTU523,Alveolata,Ciliophora,Spirotrichea,Sporadotrichida,Oxytrichidae,Rotundella,Protist
OTU5231,Alveolata,Ciliophora,Oligohymenophorea,NA,Vorticellidae,Rotundella,Protist
OTU5234,Fungi,Ascomycota,Sordariomycetes,Hypocreales,Hypocreaceae,Rotundella,Fungi
OTU5238,Fungi,Zoopagomycota,Zoopagomycetes,Zoopagales,Piptocephalidaceae,Rotundella,Fungi
OTU5239,Fungi,Ascomycota,Dothideomycetes,Coniosporiales,Coniosporiaceae,Rotundella,Fungi
OTU5244,Fungi,Ascomycota,Eurotiomycetes,Eurotiales,Aspergillaceae,Rotundella,Fungi
OTU5245,Metazoa,Nematoda,Chromadorea,NA,NA,Rotundella,Metazoa
OTU5248,Fungi,Chytridiomycota,Rhizophlyctidomycetes,Rhizophlyctidales,Rhizophlyctidaceae,Rotundella,Fungi
OTU525,Fungi,Ascomycota,Sordariomycetes,Hypocreales,Nectriaceae,Rotundella,Fungi
OTU5251,Fungi,Ascomycota,Dothideomycetes,Pleosporales,Didymellaceae,Rotundella,Fungi
OTU5253,Alveolata,Ciliophora,Spirotrichea,Stichotrichida,NA,Rotundella,Protist
OTU5261,Fungi,Ascomycota,Eurotiomycetes,Chaetothyriales,Herpotrichiellaceae,Chlorosarcinopsis,Fungi
OTU5262,Fungi,Chytridiomycota,Rhizophlyctidomycetes,Rhizophlyctidales,Arizonaphlyctidaceae,Chlorosarcinopsis,Fungi
OTU5264,Fungi,Ascomycota,Sordariomycetes,Sordariales,Neoschizotheciaceae,Tetracystis,Fungi
OTU5267,Fungi,Ascomycota,Leotiomycetes,Thelebolales,Pseudeurotiaceae,Tetracystis,Fungi
OTU5268,Fungi,Ascomycota,Eurotiomycetes,Chaetothyriales,Herpotrichiellaceae,Tetracystis,Fungi
OTU527,Fungi,Ascomycota,Dothideomycetes,Pleosporales,Pleosporaceae,Tetracystis,Fungi
OTU5270,Fungi,Ascomycota,Sordariomycetes,Hypocreales,Nectriaceae,Tetracystis,Fungi
OTU5271,Fungi,Ascomycota,Sordariomycetes,Chaetosphaeriales,Chaetosphaeriaceae,Tetracystis,Fungi
OTU5272,Metazoa,Nematoda,Chromadorea,Rhabditida,Heteroderidae,Tetracystis,Metazoa
OTU5275,Fungi,Ascomycota,Eurotiomycetes,Chaetothyriales,NA,Tetracystis,Fungi
OTU5278,Metazoa,Nematoda,Chromadorea,Rhabditida,Heteroderidae,Tetracystis,Metazoa
OTU528,Fungi,Ascomycota,Sordariomycetes,Sordariales,Lasiosphaeriaceae,Tetracystis,Fungi
OTU5284,Fungi,Basidiomycota,Agaricostilbomycetes,Agaricostilbales,Chionosphaeraceae,Tetracystis,Fungi
OTU529,Rhizaria,Endomyxa,Phytomyxea,Plasmodiophorida,Plasmodiophoridae,Tetracystis,Protist
OTU531,Viridiplantae,Chlorophyta,Chlorophyceae,Chlamydomonadales,Chlorococcaceae,Tetracystis,Viridiplantae
OTU5326,Fungi,Ascomycota,Sordariomycetes,Chaetosphaeriales,Chaetosphaeriaceae,Graesiella,Fungi
OTU5339,Fungi,Ascomycota,Eurotiomycetes,Eurotiales,Aspergillaceae,Graesiella,Fungi
OTU534,Amoebozoa,Conosa,NA,NA,NA,Graesiella,Protist
OTU535,Fungi,Ascomycota,Sordariomycetes,Hypocreales,Nectriaceae,Tetracystis,Fungi
OTU5352,Alveolata,Ciliophora,Spirotrichea,Sporadotrichida,NA,Tetracystis,Protist
OTU537,Fungi,Ascomycota,NA,NA,NA,Tetracystis,Fungi
OTU5371,Fungi,Mucoromycota,Mucoromycetes,Mucorales,Rhizopodaceae,Tetracystis,Fungi
OTU5373,Fungi,Mucoromycota,Mucoromycetes,Mucorales,Rhizopodaceae,Tetracystis,Fungi
OTU5387,Fungi,Ascomycota,Leotiomycetes,Helotiales,Mollisiaceae,Barbula,Fungi
OTU5391,Viridiplantae,Chlorophyta,Chlorophyceae,Chlamydomonadales,Chlorococcaceae,Chlorococcum,Viridiplantae
OTU5392,Alveolata,Ciliophora,Spirotrichea,Urostylida,Urostylidae,Chlorococcum,Protist
OTU5394,Fungi,Mucoromycota,Mucoromycetes,Mucorales,Mucoraceae,Chlorococcum,Fungi
OTU5396,Alveolata,Ciliophora,Colpodea,Colpodida,Colpodidae,Chlorococcum,Protist
OTU540,Fungi,Ascomycota,Sordariomycetes,Hypocreales,Nectriaceae,Chlorococcum,Fungi
OTU5407,Fungi,Ascomycota,Sordariomycetes,Sordariales,Lasiosphaeriaceae,Chlorococcum,Fungi
OTU5410,Alveolata,Ciliophora,Spirotrichea,Sporadotrichida,Oxytrichidae,Chlorococcum,Protist
OTU5412,Fungi,Ascomycota,Dothideomycetes,Pleosporales,Torulaceae,Chlorococcum,Fungi
OTU5416,Fungi,Mortierellomycota,Mortierellomycetes,Mortierellales,Mortierellaceae,NA,Fungi
OTU5424,Fungi,Ascomycota,Sordariomycetes,Hypocreales,Nectriaceae,NA,Fungi
OTU5429,Euglenozoa,Kinetoplastia,Kinetoplastea,NA,NA,Chlamydomonas,Protist
OTU543,Viridiplantae,Chlorophyta,Chlorophyceae,Chlamydomonadales,Chlorococcaceae,Tetracystis,Viridiplantae
OTU5431,Fungi,Chytridiomycota,Chytridiomycetes,Chytridiales,NA,Tetracystis,Fungi
OTU5437,Fungi,Chytridiomycota,Rhizophlyctidomycetes,Rhizophlyctidales,Rhizophlyctidaceae,Tetracystis,Fungi
OTU5439,Fungi,Ascomycota,Sordariomycetes,Sordariales,Podosporaceae,Tetracystis,Fungi
OTU544,Fungi,Ascomycota,Pezizomycetes,Pezizales,Pyronemataceae,Tetracystis,Fungi
OTU545,Amoebozoa,Conosa,Variosea,NA,NA,Pleurastrum,Protist
OTU5457,Viridiplantae,Chlorophyta,Chlorophyceae,Volvocales,Chlamydomonadaceae,Chlamydomonas,Viridiplantae
OTU5459,Alveolata,Ciliophora,Spirotrichea,Urostylida,Holostichidae,Chlamydomonas,Protist
OTU546,Fungi,Basidiomycota,Tremellomycetes,Filobasidiales,Piskurozymaceae,Chlamydomonas,Fungi
OTU5460,Fungi,Ascomycota,Sordariomycetes,NA,NA,Chlamydomonas,Fungi
OTU5463,Alveolata,Ciliophora,Oligohymenophorea,NA,Opisthonectidae,Chlamydomonas,Protist
OTU5465,Viridiplantae,Chlorophyta,Chlorophyceae,Chlamydomonadales,Tetracystaceae,Tetracystis,Viridiplantae
OTU5466,Fungi,Ascomycota,Sordariomycetes,Sordariales,Lasiosphaeriaceae,Tetracystis,Fungi
OTU5471,Fungi,Ascomycota,Eurotiomycetes,Eurotiales,Trichocomaceae,Tetracystis,Fungi
OTU5473,Metazoa,Nematoda,Chromadorea,Rhabditida,Pratylenchidae,Tetracystis,Metazoa
OTU5474,Viridiplantae,Anthophyta,Variosea,NA,NA,Arboramoeba,Viridiplantae
OTU5476,Fungi,Ascomycota,Dothideomycetes,Pleosporales,Melanommataceae,Arboramoeba,Fungi
OTU5477,Metazoa,Nematoda,Chromadorea,Rhabditida,Pratylenchidae,Arboramoeba,Metazoa
OTU5478,Fungi,Ascomycota,Eurotiomycetes,Eurotiales,Trichocomaceae,Arboramoeba,Fungi
OTU548,Fungi,Ascomycota,Leotiomycetes,Thelebolales,Pseudeurotiaceae,Arboramoeba,Fungi
OTU5480,Fungi,Basidiomycota,Ustilaginomycetes,Ustilaginales,Ustilaginaceae,Arboramoeba,Fungi
OTU5481,Fungi,Ascomycota,Dothideomycetes,Tubeufiales,Tubeufiaceae,Arboramoeba,Fungi
OTU5483,Fungi,Ascomycota,Sordariomycetes,Sordariales,Lasiosphaeriaceae,Arboramoeba,Fungi
OTU5484,Fungi,Ascomycota,Sordariomycetes,Hypocreales,Niessliaceae,Arboramoeba,Fungi
OTU5485,Fungi,Ascomycota,Eurotiomycetes,Verrucariales,Verrucariaceae,Arboramoeba,Fungi
OTU5486,Alveolata,Ciliophora,Spirotrichea,Urostylida,Holostichidae,Arboramoeba,Protist
OTU5489,Alveolata,Ciliophora,NA,NA,NA,Abutilon,Protist
OTU5490,Alveolata,Ciliophora,Oligohymenophorea,NA,Opisthonectidae,Abutilon,Protist
OTU5491,Fungi,Mortierellomycota,Mortierellomycetes,Mortierellales,Mortierellaceae,Abutilon,Fungi
OTU5494,Alveolata,Ciliophora,Spirotrichea,Sporadotrichida,Oxytrichidae,Abutilon,Protist
OTU550,Stramenopila,Ochrophyta,Chrysophyceae,Chromulinales,Chromulinaceae,Abutilon,Protist
OTU5503,Fungi,Ascomycota,Sordariomycetes,Hypocreales,NA,Abutilon,Fungi
OTU5504,Fungi,Chytridiomycota,Spizellomycetes,Spizellomycetales,Spizellomycetaceae,Abutilon,Fungi
OTU5516,Rhodoplantae,NA,NA,NA,NA,Abutilon,Others
OTU552,Fungi,Ascomycota,Dothideomycetes,Pleosporales,Pleosporaceae,Heterochlamydomonas,Fungi
OTU5529,Viridiplantae,Chlorophyta,Chlorophyceae,Chlamydomonadales,Chlorococcaceae,Chlorococcum,Viridiplantae
OTU5531,Cryptista,Katablepharidophyta,NA,NA,NA,Chlorococcum,Protist
OTU5534,Rhizaria,Cercozoa,NA,NA,NA,Chlorococcum,Protist
OTU554,Fungi,Zoopagomycota,Zoopagomycetes,Zoopagales,Piptocephalidaceae,Chlorococcum,Fungi
OTU555,Rhizaria,Endomyxa,Phytomyxea,Plasmodiophorida,Plasmodiophoridae,Chlorococcum,Protist
OTU5552,Fungi,Basidiomycota,Tremellomycetes,Cystofilobasidiales,Mrakiaceae,Chlorococcum,Fungi
OTU556,Rhizaria,Endomyxa,Phytomyxea,Plasmodiophorida,Plasmodiophoridae,Chlorococcum,Protist
OTU559,Rhizaria,Endomyxa,Phytomyxea,Plasmodiophorida,Plasmodiophoridae,Barbula,Protist
OTU560,Fungi,Ascomycota,Sordariomycetes,Sordariales,Lasiosphaeriaceae,Barbula,Fungi
OTU562,Alveolata,Ciliophora,Spirotrichea,Urostylida,Holostichidae,Barbula,Protist
OTU5623,Rhizaria,Cercozoa,NA,NA,NA,Barbula,Protist
OTU563,Fungi,Zoopagomycota,Zoopagomycetes,Zoopagales,Piptocephalidaceae,Barbula,Fungi
OTU564,Fungi,Ascomycota,Sordariomycetes,Hypocreales,Nectriaceae,Barbula,Fungi
OTU5642,Fungi,Ascomycota,Eurotiomycetes,Chaetothyriales,Trichomeriaceae,Barbula,Fungi
OTU5644,Fungi,Ascomycota,Sordariomycetes,Microascales,Halosphaeriaceae,Barbula,Fungi
OTU5646,Alveolata,Ciliophora,Spirotrichea,Urostylida,Urostylidae,Barbula,Protist
OTU5649,Fungi,Ascomycota,Sordariomycetes,Sordariales,Neoschizotheciaceae,Barbula,Fungi
OTU5651,Fungi,Ascomycota,Sordariomycetes,Hypocreales,Clavicipitaceae,Barbula,Fungi
OTU5656,Fungi,Ascomycota,Sordariomycetes,Sordariales,Neoschizotheciaceae,Barbula,Fungi
OTU5657,Fungi,Ascomycota,Sordariomycetes,Hypocreales,Bionectriaceae,Barbula,Fungi
OTU5660,Fungi,Chytridiomycota,Spizellomycetes,Spizellomycetales,NA,Barbula,Fungi
OTU5662,Fungi,Ascomycota,Eurotiomycetes,Chaetothyriales,Trichomeriaceae,Barbula,Fungi
OTU5663,Alveolata,Ciliophora,NA,NA,NA,Barbula,Protist
OTU5664,Alveolata,Ciliophora,Colpodea,Colpodida,Colpodidae,Barbula,Protist
OTU5665,Fungi,Ascomycota,Eurotiomycetes,Eurotiales,Aspergillaceae,Barbula,Fungi
OTU5666,Fungi,Ascomycota,Sordariomycetes,Sordariales,Podosporaceae,Barbula,Fungi
OTU569,Alveolata,Ciliophora,Spirotrichea,Sporadotrichida,Oxytrichidae,NA,Protist
OTU570,Fungi,Ascomycota,Sordariomycetes,Sordariales,Neoschizotheciaceae,Chlamydomonas,Fungi
OTU5704,Fungi,Basidiomycota,Tremellomycetes,Cystofilobasidiales,Mrakiaceae,Chlamydomonas,Fungi
OTU571,Fungi,Ascomycota,Sordariomycetes,Sordariales,Chaetomiaceae,Chlamydomonas,Fungi
OTU573,Fungi,Basidiomycota,Tremellomycetes,Tremellales,Cryptococcaceae,Chlamydomonas,Fungi
OTU5737,Fungi,Ascomycota,Eurotiomycetes,Onygenales,NA,Chlamydomonas,Fungi
OTU574,Fungi,Ascomycota,Sordariomycetes,Sordariales,Chaetomiaceae,Tetracystis,Fungi
OTU576,Fungi,Ascomycota,Dothideomycetes,Pleosporales,Sporormiaceae,NA,Fungi
OTU5778,Fungi,Ascomycota,Leotiomycetes,Thelebolales,Pseudeurotiaceae,Spongiochloris,Fungi
OTU578,Fungi,Ascomycota,Sordariomycetes,Sordariales,Chaetomiaceae,Spongiochloris,Fungi
OTU5786,Alveolata,Ciliophora,Colpodea,Colpodida,Colpodidae,Spongiochloris,Protist
OTU5790,Fungi,Ascomycota,Sordariomycetes,NA,NA,Spongiochloris,Fungi
OTU5792,Fungi,Ascomycota,Sordariomycetes,Hypocreales,Hypocreaceae,Spongiochloris,Fungi
OTU5799,Fungi,Ascomycota,Dothideomycetes,Pleosporales,Leptosphaeriaceae,Spongiochloris,Fungi
OTU580,Fungi,Mortierellomycota,Mortierellomycetes,Mortierellales,Mortierellaceae,Spongiochloris,Fungi
OTU5800,Viridiplantae,Chlorophyta,Chlorophyceae,Chlamydomonadales,Chlorococcaceae,Spongiochloris,Viridiplantae
OTU5804,Fungi,Ascomycota,Dothideomycetes,Pleosporales,Didymosphaeriaceae,Spongiochloris,Fungi
OTU5806,Fungi,Ascomycota,Eurotiomycetes,Onygenales,Spiromastigaceae,Spongiochloris,Fungi
OTU5809,Fungi,Ascomycota,Sordariomycetes,Sordariales,Lasiosphaeriaceae,Spongiochloris,Fungi
OTU581,Fungi,Ascomycota,Dothideomycetes,Pleosporales,Didymellaceae,Spongiochloris,Fungi
OTU5814,Fungi,Ascomycota,Sordariomycetes,Hypocreales,Stachybotryaceae,Spongiochloris,Fungi
OTU5821,Fungi,Ascomycota,Dothideomycetes,Pleosporales,Lentitheciaceae,Spongiochloris,Fungi
OTU583,Fungi,Ascomycota,Sordariomycetes,Sordariales,Chaetomiaceae,Chlorosarcinopsis,Fungi
OTU5833,Fungi,Chytridiomycota,NA,NA,NA,Chlorosarcinopsis,Fungi
OTU5837,Metazoa,Nematoda,Chromadorea,Rhabditida,Aphelenchoididae,Chlorosarcinopsis,Metazoa
OTU585,Alveolata,Ciliophora,Spirotrichea,Sporadotrichida,Oxytrichidae,NA,Protist
OTU5855,Rhodoplantae,NA,NA,NA,NA,NA,Others
OTU5856,Fungi,Ascomycota,Sordariomycetes,Microascales,Halosphaeriaceae,NA,Fungi
OTU586,Fungi,Ascomycota,Sordariomycetes,Hypocreales,Hypocreaceae,NA,Fungi
OTU5862,Fungi,Ascomycota,Sordariomycetes,Myrmecridiales,Myrmecridiaceae,NA,Fungi
OTU5868,Fungi,Ascomycota,Eurotiomycetes,Chaetothyriales,NA,NA,Fungi
OTU5869,Fungi,Ascomycota,Dothideomycetes,Pleosporales,NA,NA,Fungi
OTU5876,Fungi,Chytridiomycota,Spizellomycetes,Spizellomycetales,NA,NA,Fungi
OTU5884,Fungi,Ascomycota,Leotiomycetes,Helotiales,Mollisiaceae,NA,Fungi
OTU589,Fungi,Chytridiomycota,Spizellomycetes,Spizellomycetales,NA,NA,Fungi
OTU590,Fungi,Ascomycota,Eurotiomycetes,Onygenales,Spiromastigaceae,NA,Fungi
OTU591,Fungi,Ascomycota,Sordariomycetes,Sordariales,Chaetomiaceae,NA,Fungi
OTU592,Fungi,Ascomycota,Leotiomycetes,Helotiales,Helotiaceae,Didymodon,Fungi
OTU593,Rhizaria,Endomyxa,Phytomyxea,Plasmodiophorida,Plasmodiophoridae,Didymodon,Protist
OTU5940,Alveolata,Ciliophora,Spirotrichea,Stichotrichida,NA,Didymodon,Protist
OTU595,Fungi,Glomeromycota,Archaeosporomycetes,Archaeosporales,Ambisporaceae,NA,Fungi
OTU596,Fungi,Mortierellomycota,Mortierellomycetes,Mortierellales,Mortierellaceae,NA,Fungi
OTU597,Fungi,Ascomycota,Sordariomycetes,Trichosphaeriales,Trichosphaeriaceae,NA,Fungi
OTU5970,Fungi,Ascomycota,Sordariomycetes,Hypocreales,Hypocreaceae,NA,Fungi
OTU603,Fungi,Ascomycota,Sordariomycetes,Trichosphaeriales,Trichosphaeriaceae,Chlorococcum,Fungi
OTU608,Fungi,Basidiomycota,Ustilaginomycetes,Ustilaginales,Ustilaginaceae,Gonium,Fungi
OTU610,Fungi,Ascomycota,Leotiomycetes,Helotiales,Mollisiaceae,Chlorococcum,Fungi
OTU6100,Stramenopila,Bacillariophyta,Bacillariophyceae,Bacillariales,NA,Chlorococcum,Protist
OTU612,Fungi,Chytridiomycota,Rhizophlyctidomycetes,Rhizophlyctidales,Arizonaphlyctidaceae,Chlorococcum,Fungi
OTU614,Fungi,Ascomycota,Sordariomycetes,Hypocreales,Bionectriaceae,Chlorococcum,Fungi
OTU621,Fungi,Mortierellomycota,Mortierellomycetes,Mortierellales,Mortierellaceae,Chlamydomonas,Fungi
OTU622,Alveolata,Ciliophora,Colpodea,Colpodida,Colpodidae,Chlamydomonas,Protist
OTU625,Fungi,Ascomycota,Pezizomycetes,Pezizales,Pyronemataceae,Chlamydomonas,Fungi
OTU630,Fungi,Ascomycota,Sordariomycetes,Sordariales,Podosporaceae,Chlamydomonas,Fungi
OTU631,Fungi,Mortierellomycota,Mortierellomycetes,Mortierellales,Mortierellaceae,Chlamydomonas,Fungi
OTU632,Fungi,Ascomycota,Sordariomycetes,Sordariales,Chaetomiaceae,Chlamydomonas,Fungi
OTU633,Fungi,Mortierellomycota,Mortierellomycetes,Mortierellales,Mortierellaceae,Chlamydomonas,Fungi
OTU634,Viridiplantae,NA,NA,NA,NA,NA,Viridiplantae
OTU635,Fungi,Ascomycota,Dothideomycetes,Pleosporales,Didymellaceae,NA,Fungi
OTU638,Fungi,Ascomycota,Sordariomycetes,Hypocreales,Nectriaceae,NA,Fungi
OTU639,Fungi,Ascomycota,Sordariomycetes,Sordariales,Chaetomiaceae,NA,Fungi
OTU640,Fungi,Mortierellomycota,Mortierellomycetes,Mortierellales,Mortierellaceae,NA,Fungi
OTU641,Fungi,Ascomycota,Dothideomycetes,Tubeufiales,Tubeufiaceae,NA,Fungi
OTU643,Viridiplantae,Chlorophyta,Chlorophyceae,Chaetopeltidales,Chaetopeltidaceae,Hormotilopsis,Viridiplantae
OTU645,Fungi,Chytridiomycota,Spizellomycetes,Spizellomycetales,Spizellomycetaceae,Hormotilopsis,Fungi
OTU650,Alveolata,Ciliophora,Spirotrichea,Sporadotrichida,Oxytrichidae,Acalypha,Protist
OTU652,Fungi,Basidiomycota,Tremellomycetes,Cystofilobasidiales,Mrakiaceae,Acalypha,Fungi
OTU653,Fungi,Ascomycota,Pezizomycetes,Pezizales,Pezizaceae,Acalypha,Fungi
OTU654,Fungi,Basidiomycota,Tremellomycetes,Cystofilobasidiales,Mrakiaceae,Acalypha,Fungi
OTU659,Fungi,Ascomycota,Sordariomycetes,Hypocreales,Nectriaceae,Acalypha,Fungi
OTU660,Alveolata,Ciliophora,Spirotrichea,Sporadotrichida,Oxytrichidae,Acalypha,Protist
OTU661,Fungi,Mortierellomycota,Mortierellomycetes,Mortierellales,Mortierellaceae,Acalypha,Fungi
OTU686,Viridiplantae,Chlorophyta,Chlorophyceae,Chlamydomonadales,Chlorococcaceae,Tetracystis,Viridiplantae
OTU69,Stramenopila,Ochrophyta,Eustigmatophyceae,Eustigmatales,Eustigmataceae,Tetracystis,Protist
OTU707,Fungi,Ascomycota,Sordariomycetes,Cephalothecales,Papulosaceae,Spongiochloris,Fungi
OTU718,Fungi,Ascomycota,Sordariomycetes,Cephalothecales,Papulosaceae,Klebsormidium,Fungi
OTU746,Viridiplantae,Chlorophyta,Chlorophyceae,Sphaeropleales,Bracteacoccaceae,Bracteacoccus,Viridiplantae
OTU761,Alveolata,Ciliophora,Colpodea,Colpodida,Colpodidae,Bulbophyllum,Protist
OTU763,Fungi,Chytridiomycota,Spizellomycetes,Spizellomycetales,NA,Bulbophyllum,Fungi
OTU764,Fungi,Basidiomycota,Agaricomycetes,NA,NA,Bulbophyllum,Fungi
OTU767,Fungi,Chytridiomycota,Rhizophydiomycetes,Rhizophydiales,NA,Bulbophyllum,Fungi
OTU772,Viridiplantae,Chlorophyta,Chlorophyceae,Chlamydomonadales,Protosiphonaceae,Protosiphon,Viridiplantae
OTU776,Fungi,Ascomycota,Eurotiomycetes,Onygenales,Gymnoascaceae,Protosiphon,Fungi
OTU784,Heterolobosa,Lobosa,Heterolobosea,Schizopyrenida,Vahlkampfiidae,Bulbophyllum,Protist
OTU788,Amoebozoa,Tubulinea,Tubulinea,Echinamoebida,Hartmannellidae,Bulbophyllum,Protist
OTU792,Fungi,Ascomycota,Sordariomycetes,Hypocreales,Nectriaceae,Bulbophyllum,Fungi
OTU796,Amoebozoa,Conosa,NA,NA,NA,Oedogonium,Protist
OTU800,Viridiplantae,Bryophyta,Bryopsida,Dicranales,Oncophoraceae,Cynodontium,Viridiplantae
OTU810,Rhizaria,Cercozoa,NA,NA,NA,Chenopodium,Protist
OTU813,Fungi,Rozellomycota,NA,NA,NA,Chenopodium,Fungi
OTU815,Fungi,Ascomycota,Sordariomycetes,Hypocreales,Junewangiaceae,Chenopodium,Fungi
OTU819,Fungi,Chytridiomycota,Lobulomycetes,Lobulomycetales,NA,Oedogonium,Fungi
OTU828,Fungi,Ascomycota,Dothideomycetes,Pleosporales,Pleosporaceae,Oedogonium,Fungi
OTU836,Metazoa,Nematoda,Chromadorea,Rhabditida,Aphelenchoididae,Oedogonium,Metazoa
OTU894,Alveolata,Ciliophora,Oligohymenophorea,Philasterida,Uronematidae,Bracteacoccus,Protist
OTU934,Fungi,Ascomycota,Sordariomycetes,Hypocreales,Stachybotryaceae,Chlamydomonas,Fungi
OTU949,Rhizaria,Cercozoa,Sarcomonadea,Cercomonadida,Cercomonadidae,Chlamydomonas,Protist
OTU952,Fungi,Ascomycota,Sordariomycetes,Sordariales,Sordariaceae,Chlamydomonas,Fungi
OTU966,Rhizaria,Cercozoa,Hyphochytriomycetes,Hyphochytriales,Hyphochytriaceae,NA,Protist
OTU970,Fungi,Ascomycota,Sordariomycetes,Sordariales,Sordariaceae,Chlamydomonas,Fungi
OTU973,Fungi,Ascomycota,Dothideomycetes,Capnodiales,Mycosphaerellaceae,Chlamydomonas,Fungi
